mean_fit_time,std_fit_time,mean_score_time,std_score_time,param_clf__C,param_clf__class_weight,param_clf__penalty,param_pca__n_components,params,split0_test_score,split1_test_score,split2_test_score,split3_test_score,split4_test_score,mean_test_score,std_test_score,rank_test_score,split0_train_score,split1_train_score,split2_train_score,split3_train_score,split4_train_score,mean_train_score,std_train_score
0.006415033340454101,0.00041373073830382147,0.0045778751373291016,0.0009670702770714278,0.01,,l1,2,"{'clf__C': 0.01, 'clf__class_weight': None, 'clf__penalty': 'l1', 'pca__n_components': 2}",0.0,0.0,0.0,0.0,0.0,0.0,0.0,130,0.0,0.0,0.0,0.0,0.0,0.0,0.0
0.007012939453125,0.0007759192582391473,0.005850076675415039,0.0016233638720915277,0.01,,l1,3,"{'clf__C': 0.01, 'clf__class_weight': None, 'clf__penalty': 'l1', 'pca__n_components': 3}",0.0,0.0,0.0,0.0,0.0,0.0,0.0,130,0.0,0.0,0.0,0.0,0.0,0.0,0.0
0.009151554107666016,0.0025462985690337357,0.0051838397979736325,0.0013508911701228534,0.01,,l1,4,"{'clf__C': 0.01, 'clf__class_weight': None, 'clf__penalty': 'l1', 'pca__n_components': 4}",0.0,0.0,0.0,0.0,0.0,0.0,0.0,130,0.0,0.0,0.0,0.0,0.0,0.0,0.0
0.006932783126831055,0.002366756823069817,0.003968048095703125,0.000607492586877987,0.01,,l1,5,"{'clf__C': 0.01, 'clf__class_weight': None, 'clf__penalty': 'l1', 'pca__n_components': 5}",0.0,0.0,0.0,0.0,0.0,0.0,0.0,130,0.0,0.0,0.0,0.0,0.0,0.0,0.0
0.0066739082336425785,0.0010163942423496066,0.004937887191772461,0.0008318839482389245,0.01,,l1,6,"{'clf__C': 0.01, 'clf__class_weight': None, 'clf__penalty': 'l1', 'pca__n_components': 6}",0.0,0.0,0.0,0.0,0.0,0.0,0.0,130,0.0,0.0,0.0,0.0,0.0,0.0,0.0
0.008418130874633788,0.0013928849606211354,0.005176544189453125,0.0010354880272402057,0.01,,l1,8,"{'clf__C': 0.01, 'clf__class_weight': None, 'clf__penalty': 'l1', 'pca__n_components': 8}",0.0,0.0,0.0,0.0,0.0,0.0,0.0,130,0.0,0.0,0.0,0.0,0.0,0.0,0.0
0.009573698043823242,0.004929578433309271,0.0064525604248046875,0.003734530424350355,0.01,,l1,10,"{'clf__C': 0.01, 'clf__class_weight': None, 'clf__penalty': 'l1', 'pca__n_components': 10}",0.02531645569620253,0.0,0.0,0.0,0.0,0.005063291139240506,0.010126582278481013,127,0.0,0.0,0.0,0.0,0.0,0.0,0.0
0.009560203552246094,0.0011657314436431005,0.004431772232055664,0.0004531601656006739,0.01,,l1,12,"{'clf__C': 0.01, 'clf__class_weight': None, 'clf__penalty': 'l1', 'pca__n_components': 12}",0.02531645569620253,0.0,0.0,0.0,0.0,0.005063291139240506,0.010126582278481013,127,0.0,0.0,0.0,0.0,0.0,0.0,0.0
0.010259675979614257,0.001642931058775405,0.005365800857543945,0.001852430960439151,0.01,,l1,15,"{'clf__C': 0.01, 'clf__class_weight': None, 'clf__penalty': 'l1', 'pca__n_components': 15}",0.02531645569620253,0.0,0.0,0.0,0.0,0.005063291139240506,0.010126582278481013,127,0.0,0.0,0.0,0.0,0.0,0.0,0.0
0.006307077407836914,0.0014712923400611521,0.007808208465576172,0.008273674664919736,0.01,,l2,2,"{'clf__C': 0.01, 'clf__class_weight': None, 'clf__penalty': 'l2', 'pca__n_components': 2}",0.0,0.0,0.0,0.0,0.0,0.0,0.0,130,0.0,0.0,0.0,0.0,0.0,0.0,0.0
0.008037519454956055,0.0022637747256657975,0.0045206546783447266,0.0008702923868338079,0.01,,l2,3,"{'clf__C': 0.01, 'clf__class_weight': None, 'clf__penalty': 'l2', 'pca__n_components': 3}",0.0,0.0,0.0,0.0,0.0,0.0,0.0,130,0.0,0.0,0.0,0.0,0.0,0.0,0.0
0.006179380416870117,0.0007285182240744757,0.00390477180480957,0.000990592539277774,0.01,,l2,4,"{'clf__C': 0.01, 'clf__class_weight': None, 'clf__penalty': 'l2', 'pca__n_components': 4}",0.0,0.0,0.0,0.0,0.0,0.0,0.0,130,0.0,0.0,0.0,0.0,0.0,0.0,0.0
0.006637716293334961,0.0008990795989729137,0.004956197738647461,0.0008891209196981027,0.01,,l2,5,"{'clf__C': 0.01, 'clf__class_weight': None, 'clf__penalty': 'l2', 'pca__n_components': 5}",0.0,0.0,0.0,0.0,0.0,0.0,0.0,130,0.0,0.0,0.0,0.0,0.0,0.0,0.0
0.0077303886413574215,0.001652570086157644,0.00448141098022461,0.0007908851723983709,0.01,,l2,6,"{'clf__C': 0.01, 'clf__class_weight': None, 'clf__penalty': 'l2', 'pca__n_components': 6}",0.0,0.0,0.0,0.0,0.0,0.0,0.0,130,0.0,0.0,0.0,0.0,0.0,0.0,0.0
0.007728195190429688,0.0021780875284424833,0.004940938949584961,0.0008933858087122883,0.01,,l2,8,"{'clf__C': 0.01, 'clf__class_weight': None, 'clf__penalty': 'l2', 'pca__n_components': 8}",0.0,0.075,0.05,0.0,0.02531645569620253,0.030063291139240507,0.029144178006607433,126,0.0,0.049689440993788817,0.08383233532934131,0.0,0.012779552715654952,0.029260265807757015,0.03280061641175538
0.007964611053466797,0.0018675429784512333,0.004852390289306641,0.0006307560690164505,0.01,,l2,10,"{'clf__C': 0.01, 'clf__class_weight': None, 'clf__penalty': 'l2', 'pca__n_components': 10}",0.07142857142857142,0.07407407407407407,0.02531645569620253,0.07407407407407407,0.07228915662650602,0.06343646637988562,0.019087673913533124,117,0.07951070336391437,0.055900621118012424,0.09467455621301775,0.06191950464396285,0.06172839506172839,0.07074675608012716,0.014345768141729639
0.00892653465270996,0.0012779506513234228,0.00394744873046875,0.0006488358868352166,0.01,,l2,12,"{'clf__C': 0.01, 'clf__class_weight': None, 'clf__penalty': 'l2', 'pca__n_components': 12}",0.09523809523809523,0.28888888888888886,0.0963855421686747,0.1411764705882353,0.09523809523809523,0.14338541842439786,0.07486181562828907,107,0.13569321533923304,0.0790273556231003,0.14985590778097982,0.1130952380952381,0.11343283582089553,0.11822091053188935,0.024047400732656547
0.00927419662475586,0.0007685533955142762,0.004664802551269531,0.00041727021183276294,0.01,,l2,15,"{'clf__C': 0.01, 'clf__class_weight': None, 'clf__penalty': 'l2', 'pca__n_components': 15}",0.09523809523809523,0.28888888888888886,0.0963855421686747,0.1411764705882353,0.09523809523809523,0.14338541842439786,0.07486181562828907,107,0.13529411764705881,0.0790273556231003,0.14985590778097982,0.1130952380952381,0.1130952380952381,0.11807357144832302,0.024003494288805785
0.007641887664794922,0.001143952930419416,0.004332590103149414,0.0008051661703593485,0.01,balanced,l1,2,"{'clf__C': 0.01, 'clf__class_weight': 'balanced', 'clf__penalty': 'l1', 'pca__n_components': 2}",0.26956521739130435,0.2838427947598253,0.2813852813852814,0.2942430703624733,0.25902335456475584,0.27761194369272807,0.012165043416331029,85,0.2798708288482239,0.27697262479871176,0.27586206896551724,0.27429805615550756,0.28324324324324324,0.2780493644022407,0.003172067250432175
0.006815290451049805,0.0021339835735460907,0.004258871078491211,0.0011421024698405405,0.01,balanced,l1,3,"{'clf__C': 0.01, 'clf__class_weight': 'balanced', 'clf__penalty': 'l1', 'pca__n_components': 3}",0.2891566265060241,0.2838427947598253,0.2813852813852814,0.2942430703624733,0.25902335456475584,0.281530225515672,0.01209716199342324,80,0.2964734010759115,0.27697262479871176,0.27586206896551724,0.27429805615550756,0.28324324324324324,0.28136987884777825,0.008140127356694
0.00938711166381836,0.0028092458234524617,0.004715633392333984,0.0010953973565331438,0.01,balanced,l1,4,"{'clf__C': 0.01, 'clf__class_weight': 'balanced', 'clf__penalty': 'l1', 'pca__n_components': 4}",0.2891566265060241,0.31868131868131866,0.2813852813852814,0.30857142857142855,0.25902335456475584,0.2913636019417617,0.02094132835942889,63,0.2964734010759115,0.30484330484330485,0.27586206896551724,0.26857142857142857,0.28324324324324324,0.28579868933988106,0.013256636776512377
0.007398843765258789,0.00136128020282115,0.00440673828125,0.0009323834418811486,0.01,balanced,l1,5,"{'clf__C': 0.01, 'clf__class_weight': 'balanced', 'clf__penalty': 'l1', 'pca__n_components': 5}",0.2829736211031175,0.3241758241758242,0.27699530516431925,0.30857142857142855,0.25902335456475584,0.29034790671588906,0.023196225436300143,64,0.3000612369871402,0.3074733096085409,0.2796709753231492,0.26857142857142857,0.28324324324324324,0.2878040387467004,0.014099361654853171
0.0065498828887939455,0.0010786128339013983,0.0037537097930908205,0.0004953536564498822,0.01,balanced,l1,6,"{'clf__C': 0.01, 'clf__class_weight': 'balanced', 'clf__penalty': 'l1', 'pca__n_components': 6}",0.2829736211031175,0.3241758241758242,0.27699530516431925,0.30857142857142855,0.25902335456475584,0.29034790671588906,0.023196225436300143,64,0.3000612369871402,0.3074733096085409,0.2796709753231492,0.26857142857142857,0.28324324324324324,0.2878040387467004,0.014099361654853171
0.006830835342407226,0.0006678824826801184,0.004582786560058593,0.0005348645143225242,0.01,balanced,l1,8,"{'clf__C': 0.01, 'clf__class_weight': 'balanced', 'clf__penalty': 'l1', 'pca__n_components': 8}",0.2829736211031175,0.3388888888888889,0.313953488372093,0.3273809523809524,0.31671554252199413,0.31598249865340916,0.018702233525245745,40,0.3000612369871402,0.34328358208955223,0.3602668643439585,0.3074691805656273,0.31794871794871793,0.32580591638699924,0.022599936715775527
0.009216976165771485,0.001584617998012933,0.004757118225097656,0.0005176888936158281,0.01,balanced,l1,10,"{'clf__C': 0.01, 'clf__class_weight': 'balanced', 'clf__penalty': 'l1', 'pca__n_components': 10}",0.37037037037037035,0.3388888888888889,0.313953488372093,0.36585365853658536,0.3768996960486322,0.35319322044331397,0.02350195154533259,37,0.37019969278033793,0.34328358208955223,0.3602668643439585,0.362555720653789,0.35624538063562455,0.35851024810065246,0.008866517334011042
0.011095237731933594,0.0037209577769592625,0.008598852157592773,0.006035798173844482,0.01,balanced,l1,12,"{'clf__C': 0.01, 'clf__class_weight': 'balanced', 'clf__penalty': 'l1', 'pca__n_components': 12}",0.4036697247706422,0.3880597014925373,0.3652173913043478,0.39634146341463417,0.3862928348909657,0.3879162231746255,0.012938704954205663,28,0.4024767801857585,0.39013107170393213,0.4,0.38871951219512196,0.39570552147239263,0.395406577111441,0.005361426444070488
0.011477088928222657,0.0027827458660572174,0.004732942581176758,0.0016040828267664502,0.01,balanced,l1,15,"{'clf__C': 0.01, 'clf__class_weight': 'balanced', 'clf__penalty': 'l1', 'pca__n_components': 15}",0.4036697247706422,0.3880597014925373,0.3652173913043478,0.39634146341463417,0.3862928348909657,0.3879162231746255,0.012938704954205663,28,0.4024767801857585,0.39013107170393213,0.4,0.38871951219512196,0.39570552147239263,0.395406577111441,0.005361426444070488
0.008525466918945313,0.0010665935572042097,0.004742574691772461,0.0018694671702602081,0.01,balanced,l2,2,"{'clf__C': 0.01, 'clf__class_weight': 'balanced', 'clf__penalty': 'l2', 'pca__n_components': 2}",0.26956521739130435,0.2838427947598253,0.2710997442455243,0.2894168466522678,0.25862068965517243,0.27450905854081886,0.010934953436608332,88,0.28109854604200324,0.27697262479871176,0.26846499678869623,0.2702407002188184,0.282883874518437,0.2759321484733333,0.005731521392136709
0.006873226165771485,0.0009280577816657433,0.004157876968383789,0.0005010929349463252,0.01,balanced,l2,3,"{'clf__C': 0.01, 'clf__class_weight': 'balanced', 'clf__penalty': 'l2', 'pca__n_components': 3}",0.2888283378746594,0.27631578947368424,0.2670299727520436,0.2745995423340961,0.24892703862660945,0.27114013621221855,0.01312968014437008,96,0.295376121463078,0.27370689655172414,0.26877470355731226,0.2694300518134715,0.2841409691629956,0.2782857485097163,0.010160843290783749
0.006831121444702148,0.0012462084749831868,0.003937196731567383,0.000699294176650307,0.01,balanced,l2,4,"{'clf__C': 0.01, 'clf__class_weight': 'balanced', 'clf__penalty': 'l2', 'pca__n_components': 4}",0.29508196721311475,0.314540059347181,0.25842696629213485,0.2839506172839506,0.2517814726840855,0.28075621656409333,0.02321598829009506,83,0.28804347826086957,0.308502633559067,0.25775327360441075,0.2904191616766467,0.28933092224231466,0.28680989386866174,0.0163448234317767
0.007317543029785156,0.0015669090675160691,0.007955551147460938,0.007791197299145612,0.01,balanced,l2,5,"{'clf__C': 0.01, 'clf__class_weight': 'balanced', 'clf__penalty': 'l2', 'pca__n_components': 5}",0.2832369942196532,0.3393939393939394,0.2523076923076923,0.30864197530864196,0.26732673267326734,0.2901814667806389,0.03087926553182211,66,0.29715950473415875,0.3115264797507788,0.2826747720364742,0.2980988593155893,0.29252981795354677,0.2963978867581095,0.00933416873064312
0.0067020893096923825,0.0022133211055954654,0.00408329963684082,0.0008152826219727237,0.01,balanced,l2,6,"{'clf__C': 0.01, 'clf__class_weight': 'balanced', 'clf__penalty': 'l2', 'pca__n_components': 6}",0.28823529411764703,0.3547400611620795,0.26625386996904027,0.3148148148148148,0.26732673267326734,0.29827415454736983,0.03330409078705644,54,0.31021625652498136,0.31974921630094044,0.2889733840304182,0.30615384615384617,0.29143214509068166,0.3033049696201736,0.011598737352894739
0.007862329483032227,0.0007707179923708503,0.004139423370361328,0.0015035397037119328,0.01,balanced,l2,8,"{'clf__C': 0.01, 'clf__class_weight': 'balanced', 'clf__penalty': 'l2', 'pca__n_components': 8}",0.28654970760233917,0.4157706093189964,0.34843205574912894,0.32679738562091504,0.3680555555555556,0.349121062769387,0.04292941381356619,39,0.3107806691449814,0.37180616740088107,0.40179372197309415,0.3290529695024077,0.345679012345679,0.35182250807340865,0.032053379939858115
0.008503150939941407,0.0026910671716792217,0.0036517620086669923,0.0006194816612721439,0.01,balanced,l2,10,"{'clf__C': 0.01, 'clf__class_weight': 'balanced', 'clf__penalty': 'l2', 'pca__n_components': 10}",0.38267148014440433,0.4218181818181818,0.3655913978494624,0.41025641025641024,0.39568345323741005,0.3952041846611737,0.0198448475109879,27,0.40393208221626453,0.37389770723104054,0.4170444242973708,0.39570277529095793,0.3944153577661431,0.3969984693603554,0.01408482727020317
0.014376592636108399,0.014063853531378774,0.006120014190673828,0.0038719164896479173,0.01,balanced,l2,12,"{'clf__C': 0.01, 'clf__class_weight': 'balanced', 'clf__penalty': 'l2', 'pca__n_components': 12}",0.44280442804428044,0.45849802371541504,0.4351145038167939,0.4827586206896552,0.466403162055336,0.4571157476642961,0.01693866754057461,18,0.45857418111753373,0.4538606403013183,0.46418338108882523,0.4510556621880998,0.45550239234449763,0.4566352514080549,0.004491043584980557
0.013965749740600586,0.007612803952538428,0.004078054428100586,0.0006576056148822215,0.01,balanced,l2,15,"{'clf__C': 0.01, 'clf__class_weight': 'balanced', 'clf__penalty': 'l2', 'pca__n_components': 15}",0.44280442804428044,0.4603174603174603,0.4351145038167939,0.4864864864864865,0.4645669291338583,0.4578579615597759,0.017969560712145324,17,0.46034816247582205,0.4528301886792453,0.46507177033492825,0.4519230769230769,0.4569789674952199,0.45743043318165844,0.004870322811291112
0.006676578521728515,0.0026672007159874375,0.004498529434204102,0.0011461297492385784,0.1,,l1,2,"{'clf__C': 0.1, 'clf__class_weight': None, 'clf__penalty': 'l1', 'pca__n_components': 2}",0.0,0.0,0.0,0.0,0.0,0.0,0.0,130,0.0,0.0,0.0,0.0,0.0,0.0,0.0
0.0083526611328125,0.003373435748540551,0.004810190200805664,0.000800592457518155,0.1,,l1,3,"{'clf__C': 0.1, 'clf__class_weight': None, 'clf__penalty': 'l1', 'pca__n_components': 3}",0.0,0.0,0.0,0.0,0.0,0.0,0.0,130,0.0,0.0,0.0,0.0,0.0,0.0,0.0
0.005466985702514649,0.0006855824871444915,0.004110479354858398,0.001273527908780597,0.1,,l1,4,"{'clf__C': 0.1, 'clf__class_weight': None, 'clf__penalty': 'l1', 'pca__n_components': 4}",0.0,0.0,0.0,0.0,0.0,0.0,0.0,130,0.0,0.0,0.0,0.0,0.0,0.0,0.0
0.007130050659179687,0.0018847650755196008,0.004195594787597656,0.0002684523579861826,0.1,,l1,5,"{'clf__C': 0.1, 'clf__class_weight': None, 'clf__penalty': 'l1', 'pca__n_components': 5}",0.0,0.0,0.0,0.0,0.0,0.0,0.0,130,0.0,0.0,0.0,0.0,0.0,0.0,0.0
0.005906057357788086,0.0009116978998268478,0.004085397720336914,0.0006913701175126193,0.1,,l1,6,"{'clf__C': 0.1, 'clf__class_weight': None, 'clf__penalty': 'l1', 'pca__n_components': 6}",0.0,0.0,0.0,0.0,0.0,0.0,0.0,130,0.0,0.0,0.0,0.0,0.0,0.0,0.0
0.007269382476806641,0.0007857907880319292,0.0040646553039550785,0.0008515607120168482,0.1,,l1,8,"{'clf__C': 0.1, 'clf__class_weight': None, 'clf__penalty': 'l1', 'pca__n_components': 8}",0.0,0.07317073170731707,0.07142857142857142,0.0,0.02531645569620253,0.0339831517664182,0.03262712584348008,125,0.0,0.06097560975609756,0.12571428571428572,0.006430868167202572,0.03785488958990536,0.04619513064549824,0.045445582562567234
0.0072209835052490234,0.0010396871275992117,0.0035223960876464844,0.0006087599431423637,0.1,,l1,10,"{'clf__C': 0.1, 'clf__class_weight': None, 'clf__penalty': 'l1', 'pca__n_components': 10}",0.09195402298850575,0.07317073170731707,0.09523809523809523,0.11235955056179775,0.09523809523809523,0.09359209914676221,0.01246877203639689,116,0.12209302325581395,0.06707317073170732,0.13636363636363635,0.1286549707602339,0.11834319526627218,0.11450559927553275,0.02449534617827141
0.008139467239379883,0.0015029207733137922,0.003600931167602539,0.0005637150773955237,0.1,,l1,12,"{'clf__C': 0.1, 'clf__class_weight': None, 'clf__penalty': 'l1', 'pca__n_components': 12}",0.2268041237113402,0.3125,0.2549019607843137,0.2549019607843137,0.24242424242424243,0.258306457540842,0.028999182865447438,105,0.2639593908629442,0.23979591836734693,0.285,0.29850746268656714,0.25906735751295334,0.2692660258859623,0.020509900129419747
0.008310747146606446,0.0013702788647920298,0.003556966781616211,0.0005972793607029633,0.1,,l1,15,"{'clf__C': 0.1, 'clf__class_weight': None, 'clf__penalty': 'l1', 'pca__n_components': 15}",0.2268041237113402,0.3125,0.2549019607843137,0.2549019607843137,0.24242424242424243,0.258306457540842,0.028999182865447438,105,0.2639593908629442,0.23979591836734693,0.285,0.29850746268656714,0.25906735751295334,0.2692660258859623,0.020509900129419747
0.004592323303222656,0.00038295396306760326,0.004164981842041016,0.0002993251363435387,0.1,,l2,2,"{'clf__C': 0.1, 'clf__class_weight': None, 'clf__penalty': 'l2', 'pca__n_components': 2}",0.0,0.0,0.0,0.0,0.0,0.0,0.0,130,0.0,0.0,0.0,0.0,0.0,0.0,0.0
0.006037139892578125,0.0012789515250429975,0.0037867069244384766,0.0005069215796984211,0.1,,l2,3,"{'clf__C': 0.1, 'clf__class_weight': None, 'clf__penalty': 'l2', 'pca__n_components': 3}",0.0,0.0,0.0,0.0,0.0,0.0,0.0,130,0.0,0.0,0.0,0.0,0.0,0.0,0.0
0.005852937698364258,0.0009619218276188187,0.004121589660644531,0.0003854983333188111,0.1,,l2,4,"{'clf__C': 0.1, 'clf__class_weight': None, 'clf__penalty': 'l2', 'pca__n_components': 4}",0.0,0.0,0.0,0.0,0.0,0.0,0.0,130,0.0,0.0,0.0,0.0,0.0,0.0,0.0
0.006246232986450195,0.0006828955501096307,0.00373988151550293,0.0002268044953128021,0.1,,l2,5,"{'clf__C': 0.1, 'clf__class_weight': None, 'clf__penalty': 'l2', 'pca__n_components': 5}",0.0,0.0,0.0,0.0,0.0,0.0,0.0,130,0.0,0.0,0.0,0.0,0.0,0.0,0.0
0.005411815643310547,0.00043464423397100374,0.004069280624389648,0.0002242417374238716,0.1,,l2,6,"{'clf__C': 0.1, 'clf__class_weight': None, 'clf__penalty': 'l2', 'pca__n_components': 6}",0.0,0.0,0.0,0.0,0.0,0.0,0.0,130,0.0,0.00641025641025641,0.0,0.0,0.0,0.001282051282051282,0.002564102564102564
0.006942939758300781,5.53540785114563e-05,0.007518577575683594,0.003399032724187871,0.1,,l2,8,"{'clf__C': 0.1, 'clf__class_weight': None, 'clf__penalty': 'l2', 'pca__n_components': 8}",0.0,0.0963855421686747,0.13636363636363635,0.0,0.025,0.05154983570646221,0.05517841290694611,124,0.0,0.08928571428571429,0.15,0.006430868167202572,0.03773584905660377,0.05669048630190412,0.056335127512387916
0.006043291091918946,0.00021258107520591587,0.004052972793579102,0.00043883796980739647,0.1,,l2,10,"{'clf__C': 0.1, 'clf__class_weight': None, 'clf__penalty': 'l2', 'pca__n_components': 10}",0.08888888888888889,0.11904761904761904,0.11363636363636363,0.15053763440860216,0.09523809523809523,0.1134697202439138,0.02164153601786293,115,0.12571428571428572,0.08928571428571429,0.1725067385444744,0.1590909090909091,0.13256484149855907,0.13583249782678852,0.02886386141527975
0.007731103897094726,0.0004812808075163522,0.004179859161376953,0.000267835004619502,0.1,,l2,12,"{'clf__C': 0.1, 'clf__class_weight': None, 'clf__penalty': 'l2', 'pca__n_components': 12}",0.25742574257425743,0.30612244897959184,0.27450980392156865,0.2803738317757009,0.26,0.2756863654502238,0.017488420323437465,86,0.28431372549019607,0.2656641604010025,0.29055690072639223,0.3046683046683047,0.2962962962962963,0.2882998775164384,0.013154675000207656
0.008800840377807618,0.000489617861517805,0.004818391799926758,0.00231248745518776,0.1,,l2,15,"{'clf__C': 0.1, 'clf__class_weight': None, 'clf__penalty': 'l2', 'pca__n_components': 15}",0.2222222222222222,0.30612244897959184,0.25742574257425743,0.2803738317757009,0.26,0.2652288491103545,0.027710850947332853,104,0.28501228501228504,0.2613065326633166,0.2912621359223301,0.3088235294117647,0.29,0.2872808966019393,0.01527837032379615
0.007416057586669922,0.0015568255085635304,0.004492712020874023,0.001416888397080308,0.1,balanced,l1,2,"{'clf__C': 0.1, 'clf__class_weight': 'balanced', 'clf__penalty': 'l1', 'pca__n_components': 2}",0.26956521739130435,0.2838427947598253,0.2706766917293233,0.2942430703624733,0.25957446808510637,0.27558044846560653,0.012107692309419271,87,0.28049435787211174,0.27697262479871176,0.27346177750155376,0.2744462452728255,0.28291621327529926,0.27765824374410036,0.0035801431083324745
0.005486869812011718,0.0013423729310768583,0.0032689571380615234,0.000361248413369871,0.1,balanced,l1,3,"{'clf__C': 0.1, 'clf__class_weight': 'balanced', 'clf__penalty': 'l1', 'pca__n_components': 3}",0.288,0.2838427947598253,0.2659846547314578,0.29130434782608694,0.25957446808510637,0.2777412530804953,0.012606965694489875,84,0.2944369063772049,0.27697262479871176,0.26979100696643443,0.2730263157894737,0.28524768644529125,0.2798949080754232,0.008921076931022684
0.005883693695068359,0.0006173090829261763,0.003829669952392578,0.0009256969504148785,0.1,balanced,l1,4,"{'clf__C': 0.1, 'clf__class_weight': 'balanced', 'clf__penalty': 'l1', 'pca__n_components': 4}",0.29333333333333333,0.31976744186046513,0.25474254742547425,0.283987915407855,0.26576576576576577,0.28351940075857873,0.022599788076420102,74,0.2912234042553192,0.30654761904761907,0.2590120160213618,0.29624170965364777,0.2870317002881844,0.28801128985322644,0.015896983786351418
0.007415485382080078,0.001527380468232602,0.00373692512512207,0.0011100615257823455,0.1,balanced,l1,5,"{'clf__C': 0.1, 'clf__class_weight': 'balanced', 'clf__penalty': 'l1', 'pca__n_components': 5}",0.28,0.3392857142857143,0.26426426426426425,0.3180428134556575,0.2571428571428571,0.29174712982969864,0.03175575109030512,62,0.2983345401882694,0.30709876543209874,0.28802351212343863,0.29701492537313434,0.28879568603954464,0.2958534858312971,0.0070011700736093505
0.008018112182617188,0.004999444642661426,0.012517642974853516,0.017673191858157862,0.1,balanced,l1,6,"{'clf__C': 0.1, 'clf__class_weight': 'balanced', 'clf__penalty': 'l1', 'pca__n_components': 6}",0.28735632183908044,0.3525835866261398,0.26426426426426425,0.3343465045592705,0.2571428571428571,0.2991387068863224,0.03798591035807673,53,0.30985915492957744,0.317016317016317,0.29020194465220644,0.3040847201210287,0.28879568603954464,0.3019915645517348,0.011001361845667962
0.0076557636260986325,0.0021387527659377037,0.003895092010498047,0.00042408025167144304,0.1,balanced,l1,8,"{'clf__C': 0.1, 'clf__class_weight': 'balanced', 'clf__penalty': 'l1', 'pca__n_components': 8}",0.28735632183908044,0.4249084249084249,0.35507246376811596,0.32679738562091504,0.3732394366197183,0.3534748065512509,0.04599846464840363,36,0.30985915492957744,0.37433155080213903,0.4069660861594867,0.32558139534883723,0.3427620632279534,0.35190005009359876,0.034868472320334916
0.01943316459655762,0.017371633452348018,0.004991292953491211,0.002004543101165579,0.1,balanced,l1,10,"{'clf__C': 0.1, 'clf__class_weight': 'balanced', 'clf__penalty': 'l1', 'pca__n_components': 10}",0.3956043956043956,0.4253731343283582,0.3582089552238806,0.417910447761194,0.3925925925925926,0.3979379051020842,0.0235117049734506,26,0.4069660861594867,0.3756708407871199,0.42350746268656714,0.39889705882352944,0.39570277529095793,0.4001488447495323,0.015573098548386882
0.010203886032104491,0.004945372079982473,0.003935623168945313,0.0010212395089521597,0.1,balanced,l1,12,"{'clf__C': 0.1, 'clf__class_weight': 'balanced', 'clf__penalty': 'l1', 'pca__n_components': 12}",0.46215139442231074,0.49777777777777776,0.4274193548387097,0.4860557768924303,0.4978540772532189,0.47425167623688946,0.026793919934450006,13,0.4864864864864865,0.4775510204081633,0.49173553719008267,0.47216494845360824,0.4799176107106076,0.48157112064978974,0.0068534306937338115
0.009912252426147461,0.0035327281072002796,0.006168460845947266,0.0040968848233778055,0.1,balanced,l1,15,"{'clf__C': 0.1, 'clf__class_weight': 'balanced', 'clf__penalty': 'l1', 'pca__n_components': 15}",0.46215139442231074,0.49777777777777776,0.4274193548387097,0.4860557768924303,0.4978540772532189,0.47425167623688946,0.026793919934450006,13,0.4864864864864865,0.4775510204081633,0.49173553719008267,0.47216494845360824,0.4855371900826446,0.4826950365241971,0.00695021206198187
0.008496665954589843,0.003413811996842854,0.007865667343139648,0.005410081078667133,0.1,balanced,l2,2,"{'clf__C': 0.1, 'clf__class_weight': 'balanced', 'clf__penalty': 'l2', 'pca__n_components': 2}",0.2701525054466231,0.2838427947598253,0.2701298701298701,0.2894168466522678,0.2554112554112554,0.2737906544799683,0.011913548477135738,95,0.28125,0.27697262479871176,0.2671009771986971,0.2702407002188184,0.2822222222222222,0.27555730488768987,0.005976734800157965
0.006545162200927735,0.0007641858053358897,0.003865337371826172,0.0006573108576293748,0.1,balanced,l2,3,"{'clf__C': 0.1, 'clf__class_weight': 'balanced', 'clf__penalty': 'l2', 'pca__n_components': 3}",0.2833333333333333,0.27631578947368424,0.2692307692307692,0.2745995423340961,0.2510822510822511,0.27091233709082674,0.010891592256338383,102,0.29254571026722925,0.27370689655172414,0.26702269692923897,0.2700519330640508,0.28254847645429365,0.27717514265330734,0.00928405153976156
0.006150293350219727,0.0009326899392893489,0.004291105270385742,0.0005148161817357951,0.1,balanced,l2,4,"{'clf__C': 0.1, 'clf__class_weight': 'balanced', 'clf__penalty': 'l2', 'pca__n_components': 4}",0.28888888888888886,0.3202416918429003,0.26285714285714284,0.2830188679245283,0.25,0.28100131830269204,0.024068169979903267,82,0.29207232267037553,0.30863254392666156,0.25591098748261476,0.2931297709923664,0.2895377128953771,0.2878566675934791,0.017323780162811567
0.006438446044921875,0.0004761692949030952,0.004049539566040039,0.0009948771424004442,0.1,balanced,l2,5,"{'clf__C': 0.1, 'clf__class_weight': 'balanced', 'clf__penalty': 'l2', 'pca__n_components': 5}",0.28402366863905326,0.3395061728395062,0.25396825396825395,0.3018867924528302,0.2613065326633166,0.288138284112592,0.03076408744051409,70,0.3022222222222222,0.3145353455123114,0.27953667953667954,0.29767441860465116,0.29227823867262287,0.29724938090969744,0.011507966154585646
0.0064944267272949215,0.00041288774711087557,0.004437875747680664,0.0007477180437553396,0.1,balanced,l2,6,"{'clf__C': 0.1, 'clf__class_weight': 'balanced', 'clf__penalty': 'l2', 'pca__n_components': 6}",0.2874251497005988,0.35514018691588783,0.26498422712933756,0.31446540880503143,0.2656641604010025,0.2975358265903716,0.03400737744314426,60,0.3081570996978852,0.32,0.2916989914662529,0.3079340141398272,0.29026098026734565,0.30361021711426217,0.011207798765342211
0.008484268188476562,0.002310590587771095,0.004057121276855469,0.00022678278994215628,0.1,balanced,l2,8,"{'clf__C': 0.1, 'clf__class_weight': 'balanced', 'clf__penalty': 'l2', 'pca__n_components': 8}",0.28059701492537314,0.4253731343283582,0.358974358974359,0.33222591362126247,0.36823104693140796,0.35308029375615213,0.047284819985791086,38,0.31037093111279335,0.3751127141568981,0.40812557710064634,0.3319570602807597,0.3499577345731192,0.3551048034448434,0.03398513968046108
0.007916975021362304,0.0007593687422591675,0.004553556442260742,0.0017034734219227405,0.1,balanced,l2,10,"{'clf__C': 0.1, 'clf__class_weight': 'balanced', 'clf__penalty': 'l2', 'pca__n_components': 10}",0.3837638376383764,0.42696629213483145,0.37593984962406013,0.4198473282442748,0.3925925925925926,0.39982198004682706,0.020091353280770205,25,0.4107806691449814,0.3786231884057971,0.424812030075188,0.40522875816993464,0.40255009107468126,0.4043989473741164,0.015006111582200297
0.011024808883666993,0.0037302812852443067,0.005224275588989258,0.0011873630571049144,0.1,balanced,l2,12,"{'clf__C': 0.1, 'clf__class_weight': 'balanced', 'clf__penalty': 'l2', 'pca__n_components': 12}",0.456,0.5,0.416,0.4819277108433735,0.502127659574468,0.47121107408356827,0.03218422996909072,16,0.48390446521287644,0.4703476482617587,0.48911917098445595,0.4774590163934426,0.4830421377183967,0.48077448771418607,0.006391933441618355
0.010470438003540038,0.0017326770305170047,0.005415821075439453,0.0019092798564992008,0.1,balanced,l2,15,"{'clf__C': 0.1, 'clf__class_weight': 'balanced', 'clf__penalty': 'l2', 'pca__n_components': 15}",0.4523809523809524,0.5045045045045045,0.43373493975903615,0.48,0.5042735042735043,0.47497878018359946,0.028166924216134336,11,0.48851774530271397,0.4732510288065844,0.49269311064718163,0.48155737704918034,0.4865979381443299,0.48452343998999803,0.006676321134085825
0.008498191833496094,0.0054920237714503346,0.0043007850646972655,0.0002752408579496653,1.0,,l1,2,"{'clf__C': 1.0, 'clf__class_weight': None, 'clf__penalty': 'l1', 'pca__n_components': 2}",0.0,0.0,0.0,0.0,0.0,0.0,0.0,130,0.0,0.0,0.0,0.0,0.0,0.0,0.0
0.009317731857299805,0.0077468184579869365,0.004651260375976562,0.0007662505095897121,1.0,,l1,3,"{'clf__C': 1.0, 'clf__class_weight': None, 'clf__penalty': 'l1', 'pca__n_components': 3}",0.0,0.0,0.0,0.0,0.0,0.0,0.0,130,0.0,0.0,0.0,0.0,0.0,0.0,0.0
0.009510135650634766,0.007331367443983099,0.004954624176025391,0.0012390447382044773,1.0,,l1,4,"{'clf__C': 1.0, 'clf__class_weight': None, 'clf__penalty': 'l1', 'pca__n_components': 4}",0.0,0.0,0.0,0.0,0.0,0.0,0.0,130,0.0,0.0,0.0,0.0,0.0,0.0,0.0
0.006476449966430664,0.000546795126105004,0.003840923309326172,0.0005092180381257092,1.0,,l1,5,"{'clf__C': 1.0, 'clf__class_weight': None, 'clf__penalty': 'l1', 'pca__n_components': 5}",0.0,0.0,0.0,0.0,0.0,0.0,0.0,130,0.0,0.0,0.0,0.0,0.0,0.0,0.0
0.007247161865234375,0.0018369530098545828,0.004435539245605469,0.001550434733030538,1.0,,l1,6,"{'clf__C': 1.0, 'clf__class_weight': None, 'clf__penalty': 'l1', 'pca__n_components': 6}",0.0,0.0,0.0,0.0,0.0,0.0,0.0,130,0.0,0.00641025641025641,0.0,0.0,0.0,0.001282051282051282,0.002564102564102564
0.006589508056640625,0.0008453808659659377,0.0037718772888183593,0.0005265232057506097,1.0,,l1,8,"{'clf__C': 1.0, 'clf__class_weight': None, 'clf__penalty': 'l1', 'pca__n_components': 8}",0.0,0.11764705882352941,0.1348314606741573,0.0,0.025,0.055495703899537355,0.05873072020812991,118,0.0,0.09495548961424333,0.16348773841961853,0.00641025641025641,0.03761755485893417,0.06049420786061048,0.061486927909660115
0.00958719253540039,0.00142126084973826,0.004384565353393555,0.0008679441692465084,1.0,,l1,10,"{'clf__C': 1.0, 'clf__class_weight': None, 'clf__penalty': 'l1', 'pca__n_components': 10}",0.13043478260869565,0.11904761904761904,0.1348314606741573,0.18556701030927836,0.11627906976744186,0.13723198848143844,0.025131394592695065,109,0.14689265536723164,0.10619469026548672,0.1856763925729443,0.16338028169014085,0.14814814814814814,0.15005843360879034,0.02601464956357405
0.01043386459350586,0.0028177665707418784,0.004662990570068359,0.0009808652308765705,1.0,,l1,12,"{'clf__C': 1.0, 'clf__class_weight': None, 'clf__penalty': 'l1', 'pca__n_components': 12}",0.3333333333333333,0.3137254901960784,0.28846153846153844,0.2857142857142857,0.2857142857142857,0.3013897866839043,0.019137094957598168,46,0.3113207547169811,0.3175355450236967,0.3177570093457944,0.3222748815165877,0.31529411764705884,0.3168364616500237,0.0035697166347840015
0.011677837371826172,0.002534390373265715,0.0043465614318847655,0.0005130992808248399,1.0,,l1,15,"{'clf__C': 1.0, 'clf__class_weight': None, 'clf__penalty': 'l1', 'pca__n_components': 15}",0.34615384615384615,0.3137254901960784,0.26666666666666666,0.27586206896551724,0.3018867924528302,0.3008589728869877,0.028327330390664266,47,0.3145539906103286,0.3142857142857143,0.32634032634032634,0.32779097387173395,0.30260047281323876,0.3171142955842684,0.009212146198543904
0.0062484264373779295,0.0005983257277740478,0.003963565826416016,0.0009466474651391872,1.0,,l2,2,"{'clf__C': 1.0, 'clf__class_weight': None, 'clf__penalty': 'l2', 'pca__n_components': 2}",0.0,0.0,0.0,0.0,0.0,0.0,0.0,130,0.0,0.0,0.0,0.0,0.0,0.0,0.0
0.009832239151000977,0.007700980079346479,0.007674694061279297,0.006335072959358069,1.0,,l2,3,"{'clf__C': 1.0, 'clf__class_weight': None, 'clf__penalty': 'l2', 'pca__n_components': 3}",0.0,0.0,0.0,0.0,0.0,0.0,0.0,130,0.0,0.0,0.0,0.0,0.0,0.0,0.0
0.008811712265014648,0.0077764644515908405,0.006181097030639649,0.003660655284327138,1.0,,l2,4,"{'clf__C': 1.0, 'clf__class_weight': None, 'clf__penalty': 'l2', 'pca__n_components': 4}",0.0,0.0,0.0,0.0,0.0,0.0,0.0,130,0.0,0.0,0.0,0.0,0.0,0.0,0.0
0.0068878173828125,0.0006273916409209332,0.0052684307098388675,0.0025818142210675982,1.0,,l2,5,"{'clf__C': 1.0, 'clf__class_weight': None, 'clf__penalty': 'l2', 'pca__n_components': 5}",0.0,0.0,0.0,0.0,0.0,0.0,0.0,130,0.0,0.0,0.0,0.0,0.0,0.0,0.0
0.006621932983398438,0.0006535229146483713,0.0046043872833251955,0.0010352936950375933,1.0,,l2,6,"{'clf__C': 1.0, 'clf__class_weight': None, 'clf__penalty': 'l2', 'pca__n_components': 6}",0.0,0.0,0.0,0.0,0.0,0.0,0.0,130,0.0,0.00641025641025641,0.0,0.0,0.0,0.001282051282051282,0.002564102564102564
0.0068435192108154295,0.0006525325894315701,0.004140186309814453,0.0006678250276142869,1.0,,l2,8,"{'clf__C': 1.0, 'clf__class_weight': None, 'clf__penalty': 'l2', 'pca__n_components': 8}",0.0,0.11764705882352941,0.1348314606741573,0.0,0.025,0.055495703899537355,0.05873072020812991,118,0.0,0.09495548961424333,0.16348773841961853,0.00641025641025641,0.04375,0.06172069688882366,0.061078175130691796
0.011124229431152344,0.008036610751979412,0.005616474151611328,0.00293679628077882,1.0,,l2,10,"{'clf__C': 1.0, 'clf__class_weight': None, 'clf__penalty': 'l2', 'pca__n_components': 10}",0.13043478260869565,0.11904761904761904,0.1348314606741573,0.18556701030927836,0.11627906976744186,0.13723198848143844,0.025131394592695065,109,0.14689265536723164,0.10619469026548672,0.18997361477572558,0.16338028169014085,0.14814814814814814,0.1509178780493466,0.02722021095679792
0.009577512741088867,0.0016073531321876187,0.004532861709594727,0.001289533353705136,1.0,,l2,12,"{'clf__C': 1.0, 'clf__class_weight': None, 'clf__penalty': 'l2', 'pca__n_components': 12}",0.3333333333333333,0.3137254901960784,0.2857142857142857,0.2831858407079646,0.2857142857142857,0.30033464713318947,0.019949032391166542,48,0.30660377358490565,0.31353919239904987,0.3130841121495327,0.32547169811320753,0.31381733021077285,0.31450322129149366,0.006101187210608587
0.01002969741821289,0.0010875112971045384,0.010385608673095703,0.01138591629325142,1.0,,l2,15,"{'clf__C': 1.0, 'clf__class_weight': None, 'clf__penalty': 'l2', 'pca__n_components': 15}",0.34615384615384615,0.3137254901960784,0.26666666666666666,0.2807017543859649,0.3018867924528302,0.30182690997107725,0.0275280655926065,45,0.31381733021077285,0.3142857142857143,0.33488372093023255,0.3215130023640662,0.3058823529411765,0.3180764241463925,0.009751923194779816
0.01133556365966797,0.005676790309753564,0.0078048229217529295,0.0032485149059198175,1.0,balanced,l1,2,"{'clf__C': 1.0, 'clf__class_weight': 'balanced', 'clf__penalty': 'l1', 'pca__n_components': 2}",0.26956521739130435,0.2838427947598253,0.2701298701298701,0.2924731182795699,0.2554112554112554,0.274284451194365,0.012789986494353993,89,0.28125,0.27697262479871176,0.2677063027940221,0.27277686852154936,0.28159645232815966,0.2760604496884886,0.005272276485695082
0.007434320449829101,0.003467061228704253,0.004346704483032227,0.0004896776945230711,1.0,balanced,l1,3,"{'clf__C': 1.0, 'clf__class_weight': 'balanced', 'clf__penalty': 'l1', 'pca__n_components': 3}",0.28254847645429365,0.27631578947368424,0.2684931506849315,0.2745995423340961,0.2505399568034557,0.27049938315009225,0.010938246715993541,103,0.2927170868347339,0.2744886975242196,0.26940942269409424,0.2714203565267395,0.2839779005524862,0.2784026928264547,0.008728529132843702
0.007315301895141601,0.0007985584727467618,0.0039866924285888675,1.5978385563259747e-05,1.0,balanced,l1,4,"{'clf__C': 1.0, 'clf__class_weight': 'balanced', 'clf__penalty': 'l1', 'pca__n_components': 4}",0.28969359331476324,0.3212121212121212,0.2621082621082621,0.28213166144200624,0.25,0.28102912761543053,0.024542890755574708,81,0.2914642609299098,0.31097560975609756,0.25537820957668284,0.2924600152322925,0.29004854368932037,0.2880653278368606,0.01804509842791556
0.006211042404174805,0.00038549168601791745,0.005733108520507813,0.0035602302242694873,1.0,balanced,l1,5,"{'clf__C': 1.0, 'clf__class_weight': 'balanced', 'clf__penalty': 'l1', 'pca__n_components': 5}",0.2789317507418398,0.3395061728395062,0.25316455696202533,0.3018867924528302,0.26932668329177056,0.2885631912575944,0.029961898859664597,67,0.30244625648628615,0.3142857142857143,0.2791056283731688,0.2974438419829589,0.29224904701397714,0.29710609762842105,0.011587738609826809
0.014039182662963867,0.014273875560480957,0.0038828372955322264,0.0001945771637202324,1.0,balanced,l1,6,"{'clf__C': 1.0, 'clf__class_weight': 'balanced', 'clf__penalty': 'l1', 'pca__n_components': 6}",0.2865671641791045,0.35514018691588783,0.2641509433962264,0.31446540880503143,0.265,0.29706474065925004,0.034342991906938236,61,0.3081570996978852,0.32076984763432237,0.2927962819519752,0.3079340141398272,0.29042485732403295,0.3040164201496086,0.011169531623974546
0.0080291748046875,0.001162760242544096,0.004677343368530274,0.0009681312953978285,1.0,balanced,l1,8,"{'clf__C': 1.0, 'clf__class_weight': 'balanced', 'clf__penalty': 'l1', 'pca__n_components': 8}",0.281437125748503,0.4253731343283582,0.3602941176470588,0.33222591362126247,0.3695652173913043,0.3537791017472974,0.04714923920982077,35,0.31164901664145234,0.375,0.4085422469823584,0.3308519437551696,0.3499577345731192,0.35520018839041984,0.03392471858145108
0.008002853393554688,0.00036084311606242287,0.005150222778320312,0.0011345547904729287,1.0,balanced,l1,10,"{'clf__C': 1.0, 'clf__class_weight': 'balanced', 'clf__penalty': 'l1', 'pca__n_components': 10}",0.3851851851851852,0.42857142857142855,0.3726235741444867,0.4247104247104247,0.3970037453183521,0.4016188715859754,0.02187122706507062,23,0.4130841121495327,0.3782805429864253,0.42573320719016083,0.4044943820224719,0.40293040293040294,0.40490452945579875,0.015579739671652144
0.011389541625976562,0.002749143366469611,0.00516977310180664,0.002424408146559344,1.0,balanced,l1,12,"{'clf__C': 1.0, 'clf__class_weight': 'balanced', 'clf__penalty': 'l1', 'pca__n_components': 12}",0.456,0.5,0.42570281124497994,0.4899598393574297,0.5021645021645021,0.4747654305533823,0.029589338203031806,12,0.4895397489539749,0.47678018575851394,0.4952978056426332,0.4797507788161994,0.48440748440748443,0.48515520071576124,0.006663398971036821
0.015803146362304687,0.003060408989994516,0.00436244010925293,0.0008001076673911073,1.0,balanced,l1,15,"{'clf__C': 1.0, 'clf__class_weight': 'balanced', 'clf__penalty': 'l1', 'pca__n_components': 15}",0.46153846153846156,0.49327354260089684,0.43621399176954734,0.48,0.5043478260869565,0.47507476439917246,0.024107080946661034,10,0.4916317991631799,0.47776628748707345,0.49894736842105264,0.4854771784232365,0.48805815160955346,0.48837615702081916,0.00697745300380423
0.007433891296386719,0.002117238521079725,0.004149198532104492,0.0004214060896675498,1.0,balanced,l2,2,"{'clf__C': 1.0, 'clf__class_weight': 'balanced', 'clf__penalty': 'l2', 'pca__n_components': 2}",0.2701525054466231,0.2838427947598253,0.2701298701298701,0.2894168466522678,0.2559652928416486,0.273901461966047,0.011743449259057893,90,0.28047464940668826,0.27697262479871176,0.2671009771986971,0.2702407002188184,0.28237909949972206,0.2754336102245275,0.005872300241609377
0.00775613784790039,0.0010148372515914011,0.006707429885864258,0.0039026415305214407,1.0,balanced,l2,3,"{'clf__C': 1.0, 'clf__class_weight': 'balanced', 'clf__penalty': 'l2', 'pca__n_components': 3}",0.2833333333333333,0.27631578947368424,0.2699724517906336,0.2745995423340961,0.2510822510822511,0.2710606736027997,0.010872714515678873,97,0.29316420014094435,0.27370689655172414,0.2652377762893503,0.2700519330640508,0.2827050997782705,0.276973181164868,0.009912577914082546
0.00654754638671875,0.0007404635880876911,0.0042510986328125,0.0011680834766813726,1.0,balanced,l2,4,"{'clf__C': 1.0, 'clf__class_weight': 'balanced', 'clf__penalty': 'l2', 'pca__n_components': 4}",0.28969359331476324,0.3221884498480243,0.2636103151862464,0.28391167192429023,0.25,0.2818808060546648,0.024657927083972127,78,0.29227557411273486,0.3093415007656968,0.25505226480836235,0.2931297709923664,0.28971393791844186,0.2879026097195204,0.01782413056770366
0.006634712219238281,0.0010734981578161703,0.004860115051269531,0.001892787608570259,1.0,balanced,l2,5,"{'clf__C': 1.0, 'clf__class_weight': 'balanced', 'clf__penalty': 'l2', 'pca__n_components': 5}",0.2789317507418398,0.34055727554179566,0.25559105431309903,0.3028391167192429,0.2619647355163728,0.2879767865664701,0.030960852071424346,71,0.30244625648628615,0.31319554848966613,0.2782071097372488,0.2992985190958691,0.2926517571884984,0.2971598381995137,0.011568862427698584
0.007454442977905274,0.0015247500192516847,0.003895139694213867,0.0005590353431166329,1.0,balanced,l2,6,"{'clf__C': 1.0, 'clf__class_weight': 'balanced', 'clf__penalty': 'l2', 'pca__n_components': 6}",0.2865671641791045,0.35514018691588783,0.26498422712933756,0.31645569620253167,0.2656641604010025,0.29776228696557283,0.034268611472879594,58,0.3090909090909091,0.32102728731942215,0.29215229215229216,0.30866141732283464,0.28935627788400253,0.3040576367538921,0.011767453836458192
0.00808124542236328,0.0028756894071205736,0.003752994537353516,0.0003685595099157697,1.0,balanced,l2,8,"{'clf__C': 1.0, 'clf__class_weight': 'balanced', 'clf__penalty': 'l2', 'pca__n_components': 8}",0.2822822822822823,0.42696629213483145,0.3602941176470588,0.33222591362126247,0.3695652173913043,0.3542667646153479,0.04737754268166744,34,0.3113135914958238,0.3746606334841629,0.40930232558139534,0.33112582781456956,0.3505503810330229,0.35539055188179486,0.0341549349674954
0.008469676971435547,0.001365892932458526,0.005249786376953125,0.001181021253772542,1.0,balanced,l2,10,"{'clf__C': 1.0, 'clf__class_weight': 'balanced', 'clf__penalty': 'l2', 'pca__n_components': 10}",0.3851851851851852,0.42857142857142855,0.37404580152671757,0.4230769230769231,0.39552238805970147,0.4012803452839912,0.021231215952719113,24,0.4126984126984127,0.3786231884057971,0.42344045368620037,0.40601503759398494,0.4036697247706422,0.40488936343100745,0.014817495141589294
0.011492681503295899,0.0038146655242314604,0.005577707290649414,0.0008359560125859815,1.0,balanced,l2,12,"{'clf__C': 1.0, 'clf__class_weight': 'balanced', 'clf__penalty': 'l2', 'pca__n_components': 12}",0.4541832669322709,0.5,0.4274193548387097,0.4899598393574297,0.4978165938864629,0.4738758110029747,0.028496767940425872,15,0.4880083420229406,0.47776628748707345,0.49478079331941544,0.4786680541103018,0.48440748440748443,0.48472619226944313,0.006278700446981983
0.013306903839111327,0.0020095259226079122,0.006717586517333984,0.004080500816000923,1.0,balanced,l2,15,"{'clf__C': 1.0, 'clf__class_weight': 'balanced', 'clf__penalty': 'l2', 'pca__n_components': 15}",0.4596774193548387,0.49327354260089684,0.43621399176954734,0.48,0.5065502183406113,0.4751430344131788,0.02487316728681928,5,0.4910807974816369,0.4772727272727273,0.49894736842105264,0.48598130841121495,0.4890738813735692,0.48847121659204024,0.0070502295024555085
0.006348085403442383,0.0014714583917625793,0.00494532585144043,0.000961506586578972,10.0,,l1,2,"{'clf__C': 10.0, 'clf__class_weight': None, 'clf__penalty': 'l1', 'pca__n_components': 2}",0.0,0.0,0.0,0.0,0.0,0.0,0.0,130,0.0,0.0,0.0,0.0,0.0,0.0,0.0
0.007814598083496094,0.004492302478904987,0.004159212112426758,0.00029382657710664255,10.0,,l1,3,"{'clf__C': 10.0, 'clf__class_weight': None, 'clf__penalty': 'l1', 'pca__n_components': 3}",0.0,0.0,0.0,0.0,0.0,0.0,0.0,130,0.0,0.0,0.0,0.0,0.0,0.0,0.0
0.006405830383300781,0.0005007074211782379,0.007361602783203125,0.0033192043459472657,10.0,,l1,4,"{'clf__C': 10.0, 'clf__class_weight': None, 'clf__penalty': 'l1', 'pca__n_components': 4}",0.0,0.0,0.0,0.0,0.0,0.0,0.0,130,0.0,0.0,0.0,0.0,0.0,0.0,0.0
0.006932544708251953,0.0020625530255396853,0.004838418960571289,0.0019195083647303398,10.0,,l1,5,"{'clf__C': 10.0, 'clf__class_weight': None, 'clf__penalty': 'l1', 'pca__n_components': 5}",0.0,0.0,0.0,0.0,0.0,0.0,0.0,130,0.0,0.0,0.0,0.0,0.0,0.0,0.0
0.0064223289489746095,0.0009563682582328097,0.004405689239501953,0.0011647174333467634,10.0,,l1,6,"{'clf__C': 10.0, 'clf__class_weight': None, 'clf__penalty': 'l1', 'pca__n_components': 6}",0.0,0.0,0.0,0.0,0.0,0.0,0.0,130,0.0,0.00641025641025641,0.0,0.0,0.0,0.001282051282051282,0.002564102564102564
0.008220100402832031,0.0017366839628214145,0.004363727569580078,0.0005124518690699704,10.0,,l1,8,"{'clf__C': 10.0, 'clf__class_weight': None, 'clf__penalty': 'l1', 'pca__n_components': 8}",0.0,0.11764705882352941,0.13333333333333333,0.0,0.025,0.05519607843137255,0.05832764842952889,120,0.0,0.09495548961424333,0.16847826086956522,0.00641025641025641,0.04375,0.062718801378813,0.06275090923450305
0.00864410400390625,0.0009448412839870994,0.0055563926696777345,0.0019330632548256665,10.0,,l1,10,"{'clf__C': 10.0, 'clf__class_weight': None, 'clf__penalty': 'l1', 'pca__n_components': 10}",0.13043478260869565,0.11904761904761904,0.1348314606741573,0.18556701030927836,0.11627906976744186,0.13723198848143844,0.025131394592695065,109,0.14647887323943662,0.10619469026548672,0.18997361477572558,0.16338028169014085,0.14814814814814814,0.1508351216237876,0.027232948887679582
0.009974431991577149,0.0017119322053475244,0.004348134994506836,0.00035306053620587293,10.0,,l1,12,"{'clf__C': 10.0, 'clf__class_weight': None, 'clf__penalty': 'l1', 'pca__n_components': 12}",0.3333333333333333,0.3137254901960784,0.2857142857142857,0.2807017543859649,0.2830188679245283,0.2992987463108381,0.02079376912225506,49,0.3185011709601874,0.31678486997635935,0.3287037037037037,0.3247058823529412,0.31627906976744186,0.3209949393521267,0.0048862897307589935
0.011012458801269531,0.0018361276435843175,0.005240535736083985,0.0010589728887968513,10.0,,l1,15,"{'clf__C': 10.0, 'clf__class_weight': None, 'clf__penalty': 'l1', 'pca__n_components': 15}",0.34615384615384615,0.3137254901960784,0.2830188679245283,0.2905982905982906,0.3148148148148148,0.3096622619375117,0.022126905754787186,41,0.3116279069767442,0.3127962085308057,0.3394495412844037,0.32547169811320753,0.3123543123543124,0.3203399334518947,0.010845178240622165
0.005863761901855469,0.0005283718836868668,0.009128665924072266,0.011771025932555919,10.0,,l2,2,"{'clf__C': 10.0, 'clf__class_weight': None, 'clf__penalty': 'l2', 'pca__n_components': 2}",0.0,0.0,0.0,0.0,0.0,0.0,0.0,130,0.0,0.0,0.0,0.0,0.0,0.0,0.0
0.0069583415985107425,0.0014398150113095606,0.0047856330871582035,0.0011716737200253003,10.0,,l2,3,"{'clf__C': 10.0, 'clf__class_weight': None, 'clf__penalty': 'l2', 'pca__n_components': 3}",0.0,0.0,0.0,0.0,0.0,0.0,0.0,130,0.0,0.0,0.0,0.0,0.0,0.0,0.0
0.006287574768066406,0.0014153904764235548,0.0037601947784423827,0.0005166874989825131,10.0,,l2,4,"{'clf__C': 10.0, 'clf__class_weight': None, 'clf__penalty': 'l2', 'pca__n_components': 4}",0.0,0.0,0.0,0.0,0.0,0.0,0.0,130,0.0,0.0,0.0,0.0,0.0,0.0,0.0
0.006537723541259766,0.0006065116995563048,0.004165506362915039,0.0007356354255511829,10.0,,l2,5,"{'clf__C': 10.0, 'clf__class_weight': None, 'clf__penalty': 'l2', 'pca__n_components': 5}",0.0,0.0,0.0,0.0,0.0,0.0,0.0,130,0.0,0.0,0.0,0.0,0.0,0.0,0.0
0.006391048431396484,0.0005958210518960486,0.008875322341918946,0.009270709342009024,10.0,,l2,6,"{'clf__C': 10.0, 'clf__class_weight': None, 'clf__penalty': 'l2', 'pca__n_components': 6}",0.0,0.0,0.0,0.0,0.0,0.0,0.0,130,0.0,0.00641025641025641,0.0,0.0,0.0,0.001282051282051282,0.002564102564102564
0.012820625305175781,0.007031559805066905,0.005736732482910156,0.002946552391610901,10.0,,l2,8,"{'clf__C': 10.0, 'clf__class_weight': None, 'clf__penalty': 'l2', 'pca__n_components': 8}",0.0,0.11764705882352941,0.13186813186813187,0.0,0.025,0.054903038138332264,0.05793671835394576,121,0.0,0.09495548961424333,0.16847826086956522,0.00641025641025641,0.04375,0.062718801378813,0.06275090923450305
0.011607980728149414,0.005837310916323828,0.004739046096801758,0.0006789482677511489,10.0,,l2,10,"{'clf__C': 10.0, 'clf__class_weight': None, 'clf__penalty': 'l2', 'pca__n_components': 10}",0.13043478260869565,0.11904761904761904,0.1348314606741573,0.18556701030927836,0.11627906976744186,0.13723198848143844,0.025131394592695065,109,0.14647887323943662,0.10619469026548672,0.18997361477572558,0.16853932584269662,0.14814814814814814,0.15186693045429872,0.027780936572461522
0.010511207580566406,0.0007946585506723612,0.005445957183837891,0.002184450295082749,10.0,,l2,12,"{'clf__C': 10.0, 'clf__class_weight': None, 'clf__penalty': 'l2', 'pca__n_components': 12}",0.3333333333333333,0.3137254901960784,0.2857142857142857,0.2807017543859649,0.2830188679245283,0.2992987463108381,0.02079376912225506,49,0.3185011709601874,0.31678486997635935,0.3325635103926097,0.3247058823529412,0.31627906976744186,0.3217669006899079,0.006177480120890977
0.014462518692016601,0.005029106384279074,0.0046023368835449215,0.0007186845704114407,10.0,,l2,15,"{'clf__C': 10.0, 'clf__class_weight': None, 'clf__penalty': 'l2', 'pca__n_components': 15}",0.34615384615384615,0.3137254901960784,0.2830188679245283,0.288135593220339,0.3148148148148148,0.30916972246192137,0.022568780554417894,42,0.3116279069767442,0.3127962085308057,0.3394495412844037,0.32547169811320753,0.3123543123543124,0.3203399334518947,0.010845178240622165
0.008032131195068359,0.0017363333377313859,0.004173946380615234,0.0002739795854534832,10.0,balanced,l1,2,"{'clf__C': 10.0, 'clf__class_weight': 'balanced', 'clf__penalty': 'l1', 'pca__n_components': 2}",0.2701525054466231,0.2838427947598253,0.2701298701298701,0.2894168466522678,0.2559652928416486,0.273901461966047,0.011743449259057893,90,0.28047464940668826,0.27697262479871176,0.2671009771986971,0.2702407002188184,0.2822222222222222,0.27540223476902753,0.0058354101848180386
0.006551218032836914,0.001270384232233769,0.005540895462036133,0.0027075730651242398,10.0,balanced,l1,3,"{'clf__C': 10.0, 'clf__class_weight': 'balanced', 'clf__penalty': 'l1', 'pca__n_components': 3}",0.2833333333333333,0.27631578947368424,0.2699724517906336,0.2745995423340961,0.2510822510822511,0.2710606736027997,0.010872714515678873,97,0.29316420014094435,0.27370689655172414,0.2648829431438127,0.2700519330640508,0.2827050997782705,0.27690221453576047,0.009997249131786177
0.007898855209350585,0.0010028404820079735,0.005867671966552734,0.002310604220760095,10.0,balanced,l1,4,"{'clf__C': 10.0, 'clf__class_weight': 'balanced', 'clf__penalty': 'l1', 'pca__n_components': 4}",0.28969359331476324,0.3221884498480243,0.2636103151862464,0.28391167192429023,0.25,0.2818808060546648,0.024657927083972127,78,0.29227557411273486,0.3093415007656968,0.25487465181058494,0.2931297709923664,0.2895377128953771,0.287831842115352,0.01788612091878837
0.009487628936767578,0.0026186814315317187,0.005147743225097656,0.0007420981228209401,10.0,balanced,l1,5,"{'clf__C': 10.0, 'clf__class_weight': 'balanced', 'clf__penalty': 'l1', 'pca__n_components': 5}",0.2789317507418398,0.34055727554179566,0.25559105431309903,0.3028391167192429,0.2619647355163728,0.2879767865664701,0.030960852071424346,71,0.3026706231454006,0.31319554848966613,0.2782071097372488,0.2992985190958691,0.29246487867177523,0.29716733582799193,0.011604611077198864
0.007920312881469726,0.0008499337562081024,0.00573263168334961,0.0014658857047847968,10.0,balanced,l1,6,"{'clf__C': 10.0, 'clf__class_weight': 'balanced', 'clf__penalty': 'l1', 'pca__n_components': 6}",0.2865671641791045,0.35514018691588783,0.26498422712933756,0.31645569620253167,0.2656641604010025,0.29776228696557283,0.034268611472879594,58,0.3090909090909091,0.32102728731942215,0.29215229215229216,0.30866141732283464,0.2895408163265306,0.30409454444239775,0.011721485919263802
0.011270809173583984,0.004674301839208265,0.004485654830932617,0.0015206021876523028,10.0,balanced,l1,8,"{'clf__C': 10.0, 'clf__class_weight': 'balanced', 'clf__penalty': 'l1', 'pca__n_components': 8}",0.2822822822822823,0.42857142857142855,0.36162361623616235,0.33222591362126247,0.3695652173913043,0.35485369162048797,0.04790655780055798,33,0.3113135914958238,0.3746606334841629,0.40930232558139534,0.33112582781456956,0.3505503810330229,0.35539055188179486,0.0341549349674954
0.011959075927734375,0.004831929895658785,0.004343605041503907,0.0007925733674222544,10.0,balanced,l1,10,"{'clf__C': 10.0, 'clf__class_weight': 'balanced', 'clf__penalty': 'l1', 'pca__n_components': 10}",0.3851851851851852,0.43018867924528303,0.37404580152671757,0.4230769230769231,0.3970037453183521,0.4019000668704922,0.021577424133645738,20,0.4126984126984127,0.37896645512239346,0.42424242424242425,0.40601503759398494,0.4036697247706422,0.4051184108855715,0.014899743189121134
0.012965822219848632,0.004396879515394119,0.004107284545898438,0.0004907392357358059,10.0,balanced,l1,12,"{'clf__C': 10.0, 'clf__class_weight': 'balanced', 'clf__penalty': 'l1', 'pca__n_components': 12}",0.456,0.5022421524663677,0.4274193548387097,0.4899598393574297,0.5,0.47512426933250146,0.02903712191051498,6,0.4890282131661442,0.4782608695652174,0.4963350785340314,0.48074921956295524,0.48333333333333334,0.4855413428323363,0.006473145100995356
0.01168231964111328,0.0011883541166353194,0.006645345687866211,0.00205734018998012,10.0,balanced,l1,15,"{'clf__C': 10.0, 'clf__class_weight': 'balanced', 'clf__penalty': 'l1', 'pca__n_components': 15}",0.4596774193548387,0.4954954954954955,0.44081632653061226,0.48412698412698413,0.5065502183406113,0.4773332887697084,0.02397860412649286,1,0.48898216159496327,0.47776628748707345,0.4994731296101159,0.4864864864864865,0.48805815160955346,0.48815324335763854,0.006921024539450049
0.009121465682983398,0.00556525472576409,0.007433652877807617,0.0029219072652521493,10.0,balanced,l2,2,"{'clf__C': 10.0, 'clf__class_weight': 'balanced', 'clf__penalty': 'l2', 'pca__n_components': 2}",0.2701525054466231,0.2838427947598253,0.2701298701298701,0.2894168466522678,0.2559652928416486,0.273901461966047,0.011743449259057893,90,0.28047464940668826,0.27697262479871176,0.2671009771986971,0.2702407002188184,0.28237909949972206,0.2754336102245275,0.005872300241609377
0.009563732147216796,0.003871945892546284,0.005141639709472656,0.0004526942557823613,10.0,balanced,l2,3,"{'clf__C': 10.0, 'clf__class_weight': 'balanced', 'clf__penalty': 'l2', 'pca__n_components': 3}",0.2833333333333333,0.27631578947368424,0.2699724517906336,0.2745995423340961,0.2510822510822511,0.2710606736027997,0.010872714515678873,97,0.29316420014094435,0.27370689655172414,0.2652377762893503,0.2700519330640508,0.2827050997782705,0.276973181164868,0.009912577914082546
0.009106206893920898,0.0030219242158283466,0.005144262313842773,0.0011822772523950333,10.0,balanced,l2,4,"{'clf__C': 10.0, 'clf__class_weight': 'balanced', 'clf__penalty': 'l2', 'pca__n_components': 4}",0.28969359331476324,0.3221884498480243,0.2636103151862464,0.28391167192429023,0.25060240963855424,0.28200128798237567,0.024502842890514204,75,0.29227557411273486,0.3093415007656968,0.25505226480836235,0.2931297709923664,0.28971393791844186,0.2879026097195204,0.01782413056770366
0.007899856567382813,0.0008271399738654319,0.005284166336059571,0.0016762138046751583,10.0,balanced,l2,5,"{'clf__C': 10.0, 'clf__class_weight': 'balanced', 'clf__penalty': 'l2', 'pca__n_components': 5}",0.27976190476190477,0.34055727554179566,0.25559105431309903,0.3028391167192429,0.2619647355163728,0.28814281737048303,0.030914092526864938,68,0.3026706231454006,0.31319554848966613,0.2782071097372488,0.2992985190958691,0.2926517571884984,0.2972047115313366,0.011589696749204676
0.009993886947631836,0.00196574684251188,0.00616302490234375,0.0022886607821183355,10.0,balanced,l2,6,"{'clf__C': 10.0, 'clf__class_weight': 'balanced', 'clf__penalty': 'l2', 'pca__n_components': 6}",0.2865671641791045,0.35514018691588783,0.26666666666666666,0.31645569620253167,0.2656641604010025,0.2980987748730386,0.03395190402903038,55,0.3090909090909091,0.32102728731942215,0.29215229215229216,0.30890464933018125,0.288265306122449,0.30388808880305074,0.01206472217638656
0.011172103881835937,0.0067988803125916195,0.005963850021362305,0.0019418483174351324,10.0,balanced,l2,8,"{'clf__C': 10.0, 'clf__class_weight': 'balanced', 'clf__penalty': 'l2', 'pca__n_components': 8}",0.2822822822822823,0.42857142857142855,0.36162361623616235,0.33222591362126247,0.3709090909090909,0.35512246632404526,0.047992034876832915,30,0.3113135914958238,0.3746606334841629,0.40930232558139534,0.33112582781456956,0.35084745762711866,0.35544996720061406,0.03414672082010283
0.008549928665161133,0.0010797672484309769,0.010822486877441407,0.012713447407792275,10.0,balanced,l2,10,"{'clf__C': 10.0, 'clf__class_weight': 'balanced', 'clf__penalty': 'l2', 'pca__n_components': 10}",0.3851851851851852,0.42857142857142855,0.37547892720306514,0.4230769230769231,0.3970037453183521,0.40186324187099076,0.02079063178062915,21,0.4126984126984127,0.37896645512239346,0.42424242424242425,0.40601503759398494,0.4036697247706422,0.4051184108855715,0.014899743189121134
0.012761831283569336,0.004267478258197065,0.0047452449798583984,0.0017114805786490282,10.0,balanced,l2,12,"{'clf__C': 10.0, 'clf__class_weight': 'balanced', 'clf__penalty': 'l2', 'pca__n_components': 12}",0.456,0.5022421524663677,0.4274193548387097,0.4899598393574297,0.5,0.47512426933250146,0.02903712191051498,6,0.48851774530271397,0.47776628748707345,0.4968553459119497,0.48074921956295524,0.48333333333333334,0.4854443863196051,0.006709841600558059
0.012276697158813476,0.0022456466443439484,0.0046424388885498045,0.0014083721025472276,10.0,balanced,l2,15,"{'clf__C': 10.0, 'clf__class_weight': 'balanced', 'clf__penalty': 'l2', 'pca__n_components': 15}",0.4596774193548387,0.4954954954954955,0.44081632653061226,0.48412698412698413,0.5065502183406113,0.4773332887697084,0.02397860412649286,1,0.48898216159496327,0.47776628748707345,0.4994731296101159,0.4864864864864865,0.48805815160955346,0.48815324335763854,0.006921024539450049
0.006768989562988281,0.0023896106200647278,0.0058289051055908205,0.0016158140656166626,100.0,,l1,2,"{'clf__C': 100.0, 'clf__class_weight': None, 'clf__penalty': 'l1', 'pca__n_components': 2}",0.0,0.0,0.0,0.0,0.0,0.0,0.0,130,0.0,0.0,0.0,0.0,0.0,0.0,0.0
0.0069392681121826175,0.0010766921009429072,0.006251001358032226,0.004654302954928518,100.0,,l1,3,"{'clf__C': 100.0, 'clf__class_weight': None, 'clf__penalty': 'l1', 'pca__n_components': 3}",0.0,0.0,0.0,0.0,0.0,0.0,0.0,130,0.0,0.0,0.0,0.0,0.0,0.0,0.0
0.009703302383422851,0.0014880655645143712,0.004406785964965821,0.0007969747993132783,100.0,,l1,4,"{'clf__C': 100.0, 'clf__class_weight': None, 'clf__penalty': 'l1', 'pca__n_components': 4}",0.0,0.0,0.0,0.0,0.0,0.0,0.0,130,0.0,0.0,0.0,0.0,0.0,0.0,0.0
0.0072515010833740234,0.002673761577986065,0.006523513793945312,0.002427825616318723,100.0,,l1,5,"{'clf__C': 100.0, 'clf__class_weight': None, 'clf__penalty': 'l1', 'pca__n_components': 5}",0.0,0.0,0.0,0.0,0.0,0.0,0.0,130,0.0,0.0,0.0,0.0,0.0,0.0,0.0
0.006424140930175781,0.0008275923461662318,0.004276180267333984,0.0010023774067427476,100.0,,l1,6,"{'clf__C': 100.0, 'clf__class_weight': None, 'clf__penalty': 'l1', 'pca__n_components': 6}",0.0,0.0,0.0,0.0,0.0,0.0,0.0,130,0.0,0.00641025641025641,0.0,0.0,0.0,0.001282051282051282,0.002564102564102564
0.008312129974365234,0.00212529533431285,0.0057828426361083984,0.0033302972741592273,100.0,,l1,8,"{'clf__C': 100.0, 'clf__class_weight': None, 'clf__penalty': 'l1', 'pca__n_components': 8}",0.0,0.11764705882352941,0.13186813186813187,0.0,0.025,0.054903038138332264,0.05793671835394576,121,0.0,0.09495548961424333,0.16847826086956522,0.00641025641025641,0.04375,0.062718801378813,0.06275090923450305
0.01048579216003418,0.0032324181541250117,0.005634927749633789,0.0008272310403771464,100.0,,l1,10,"{'clf__C': 100.0, 'clf__class_weight': None, 'clf__penalty': 'l1', 'pca__n_components': 10}",0.13043478260869565,0.11904761904761904,0.1348314606741573,0.18556701030927836,0.11627906976744186,0.13723198848143844,0.025131394592695065,109,0.14647887323943662,0.10619469026548672,0.18997361477572558,0.16853932584269662,0.14814814814814814,0.15186693045429872,0.027780936572461522
0.011600637435913086,0.0015390512682513142,0.005633878707885742,0.0014849068215302432,100.0,,l1,12,"{'clf__C': 100.0, 'clf__class_weight': None, 'clf__penalty': 'l1', 'pca__n_components': 12}",0.3333333333333333,0.3137254901960784,0.2857142857142857,0.2807017543859649,0.2830188679245283,0.2992987463108381,0.02079376912225506,49,0.3185011709601874,0.31678486997635935,0.3325635103926097,0.3247058823529412,0.31627906976744186,0.3217669006899079,0.006177480120890977
0.012363719940185546,0.001518084522189086,0.005224990844726563,0.0013546045465578675,100.0,,l1,15,"{'clf__C': 100.0, 'clf__class_weight': None, 'clf__penalty': 'l1', 'pca__n_components': 15}",0.34615384615384615,0.3137254901960784,0.2830188679245283,0.288135593220339,0.3148148148148148,0.30916972246192137,0.022568780554417894,42,0.3109048723897912,0.3120567375886525,0.33867276887871856,0.32941176470588235,0.3116279069767442,0.32053481010795776,0.011416936618818738
0.008752870559692382,0.0025922100176092645,0.004259681701660157,0.0005694646722499688,100.0,,l2,2,"{'clf__C': 100.0, 'clf__class_weight': None, 'clf__penalty': 'l2', 'pca__n_components': 2}",0.0,0.0,0.0,0.0,0.0,0.0,0.0,130,0.0,0.0,0.0,0.0,0.0,0.0,0.0
0.01182708740234375,0.00909070875084343,0.004536628723144531,0.0005131656497089257,100.0,,l2,3,"{'clf__C': 100.0, 'clf__class_weight': None, 'clf__penalty': 'l2', 'pca__n_components': 3}",0.0,0.0,0.0,0.0,0.0,0.0,0.0,130,0.0,0.0,0.0,0.0,0.0,0.0,0.0
0.022037982940673828,0.02181285777153579,0.007758378982543945,0.002325394986813538,100.0,,l2,4,"{'clf__C': 100.0, 'clf__class_weight': None, 'clf__penalty': 'l2', 'pca__n_components': 4}",0.0,0.0,0.0,0.0,0.0,0.0,0.0,130,0.0,0.0,0.0,0.0,0.0,0.0,0.0
0.007970523834228516,0.002172294821882191,0.004968500137329102,0.0014589510970635436,100.0,,l2,5,"{'clf__C': 100.0, 'clf__class_weight': None, 'clf__penalty': 'l2', 'pca__n_components': 5}",0.0,0.0,0.0,0.0,0.0,0.0,0.0,130,0.0,0.0,0.0,0.0,0.0,0.0,0.0
0.007491636276245117,0.001985353458754315,0.006883764266967773,0.004946732048945091,100.0,,l2,6,"{'clf__C': 100.0, 'clf__class_weight': None, 'clf__penalty': 'l2', 'pca__n_components': 6}",0.0,0.0,0.0,0.0,0.0,0.0,0.0,130,0.0,0.00641025641025641,0.0,0.0,0.0,0.001282051282051282,0.002564102564102564
0.008453035354614257,0.0020000485047869834,0.003901767730712891,0.0006090866967345734,100.0,,l2,8,"{'clf__C': 100.0, 'clf__class_weight': None, 'clf__penalty': 'l2', 'pca__n_components': 8}",0.0,0.11764705882352941,0.13186813186813187,0.0,0.025,0.054903038138332264,0.05793671835394576,121,0.0,0.09495548961424333,0.16847826086956522,0.00641025641025641,0.04375,0.062718801378813,0.06275090923450305
0.008845949172973632,0.0014967119919307823,0.0043636798858642575,0.002096575903023251,100.0,,l2,10,"{'clf__C': 100.0, 'clf__class_weight': None, 'clf__penalty': 'l2', 'pca__n_components': 10}",0.13043478260869565,0.11904761904761904,0.1348314606741573,0.18556701030927836,0.11627906976744186,0.13723198848143844,0.025131394592695065,109,0.14647887323943662,0.10619469026548672,0.18997361477572558,0.16853932584269662,0.14814814814814814,0.15186693045429872,0.027780936572461522
0.009346914291381837,0.0031956798782664434,0.006757926940917969,0.0029722901774341813,100.0,,l2,12,"{'clf__C': 100.0, 'clf__class_weight': None, 'clf__penalty': 'l2', 'pca__n_components': 12}",0.3333333333333333,0.3137254901960784,0.2857142857142857,0.2807017543859649,0.2830188679245283,0.2992987463108381,0.02079376912225506,49,0.3185011709601874,0.31678486997635935,0.3325635103926097,0.3247058823529412,0.31627906976744186,0.3217669006899079,0.006177480120890977
0.012073612213134766,0.001990582166918674,0.0051672935485839845,0.001418485312205057,100.0,,l2,15,"{'clf__C': 100.0, 'clf__class_weight': None, 'clf__penalty': 'l2', 'pca__n_components': 15}",0.34615384615384615,0.3137254901960784,0.2830188679245283,0.288135593220339,0.3148148148148148,0.30916972246192137,0.022568780554417894,42,0.3109048723897912,0.3120567375886525,0.33867276887871856,0.32941176470588235,0.3116279069767442,0.32053481010795776,0.011416936618818738
0.00772705078125,0.0021234787848218592,0.004744338989257813,0.0007690510993009261,100.0,balanced,l1,2,"{'clf__C': 100.0, 'clf__class_weight': 'balanced', 'clf__penalty': 'l1', 'pca__n_components': 2}",0.2701525054466231,0.2838427947598253,0.2701298701298701,0.2894168466522678,0.2559652928416486,0.273901461966047,0.011743449259057893,90,0.28047464940668826,0.27697262479871176,0.2671009771986971,0.2702407002188184,0.28237909949972206,0.2754336102245275,0.005872300241609377
0.007285070419311523,0.0012126153197484194,0.004549837112426758,0.0005635479856501166,100.0,balanced,l1,3,"{'clf__C': 100.0, 'clf__class_weight': 'balanced', 'clf__penalty': 'l1', 'pca__n_components': 3}",0.2833333333333333,0.27631578947368424,0.2699724517906336,0.2745995423340961,0.2510822510822511,0.2710606736027997,0.010872714515678873,97,0.29316420014094435,0.27370689655172414,0.2652377762893503,0.2700519330640508,0.2827050997782705,0.276973181164868,0.009912577914082546
0.009182453155517578,0.0030574927906826615,0.004220914840698242,0.00031140582146378616,100.0,balanced,l1,4,"{'clf__C': 100.0, 'clf__class_weight': 'balanced', 'clf__penalty': 'l1', 'pca__n_components': 4}",0.28969359331476324,0.3221884498480243,0.2636103151862464,0.28391167192429023,0.25060240963855424,0.28200128798237567,0.024502842890514204,75,0.29227557411273486,0.3093415007656968,0.25505226480836235,0.2931297709923664,0.28971393791844186,0.2879026097195204,0.01782413056770366
0.0073735713958740234,0.0009520423396194694,0.00399017333984375,0.0006178082081919809,100.0,balanced,l1,5,"{'clf__C': 100.0, 'clf__class_weight': 'balanced', 'clf__penalty': 'l1', 'pca__n_components': 5}",0.2789317507418398,0.34055727554179566,0.25559105431309903,0.3028391167192429,0.2619647355163728,0.2879767865664701,0.030960852071424346,71,0.3026706231454006,0.31319554848966613,0.2782071097372488,0.2992985190958691,0.2926517571884984,0.2972047115313366,0.011589696749204676
0.008725261688232422,0.0011973884986654435,0.005066585540771484,0.0019494966569050174,100.0,balanced,l1,6,"{'clf__C': 100.0, 'clf__class_weight': 'balanced', 'clf__penalty': 'l1', 'pca__n_components': 6}",0.2865671641791045,0.35514018691588783,0.26582278481012656,0.31645569620253167,0.2656641604010025,0.29792999850173063,0.03410946677070461,57,0.3090909090909091,0.32102728731942215,0.29215229215229216,0.30890464933018125,0.28844926611359284,0.3039248808012795,0.012017210533751252
0.009248876571655273,0.0007433060470556488,0.004648637771606445,0.0007568691188946801,100.0,balanced,l1,8,"{'clf__C': 100.0, 'clf__class_weight': 'balanced', 'clf__penalty': 'l1', 'pca__n_components': 8}",0.2822822822822823,0.42857142857142855,0.36162361623616235,0.33222591362126247,0.3709090909090909,0.35512246632404526,0.047992034876832915,30,0.3113135914958238,0.3746606334841629,0.409683426443203,0.33112582781456956,0.35084745762711866,0.3555261873729756,0.03426705492014829
0.008452939987182616,0.0009498035963037018,0.004106712341308594,0.0007310760011092095,100.0,balanced,l1,10,"{'clf__C': 100.0, 'clf__class_weight': 'balanced', 'clf__penalty': 'l1', 'pca__n_components': 10}",0.3851851851851852,0.43018867924528303,0.37547892720306514,0.4230769230769231,0.3970037453183521,0.4021866920057617,0.021211939632478822,19,0.4126984126984127,0.37896645512239346,0.42424242424242425,0.40601503759398494,0.4036697247706422,0.4051184108855715,0.014899743189121134
0.010054349899291992,0.0006477297756239129,0.004569053649902344,0.0006234353808096928,100.0,balanced,l1,12,"{'clf__C': 100.0, 'clf__class_weight': 'balanced', 'clf__penalty': 'l1', 'pca__n_components': 12}",0.456,0.5022421524663677,0.4274193548387097,0.4899598393574297,0.5,0.47512426933250146,0.02903712191051498,6,0.4890282131661442,0.47776628748707345,0.4968553459119497,0.48074921956295524,0.48333333333333334,0.4855464798922912,0.006759527135264671
0.012828445434570313,0.0028047085720370886,0.00469517707824707,0.0007232327210613214,100.0,balanced,l1,15,"{'clf__C': 100.0, 'clf__class_weight': 'balanced', 'clf__penalty': 'l1', 'pca__n_components': 15}",0.4596774193548387,0.4954954954954955,0.44081632653061226,0.48412698412698413,0.5065502183406113,0.4773332887697084,0.02397860412649286,1,0.48898216159496327,0.47776628748707345,0.4994731296101159,0.4864864864864865,0.48805815160955346,0.48815324335763854,0.006921024539450049
0.008050060272216797,0.0005161753669890238,0.004010772705078125,0.0005146900988878514,100.0,balanced,l2,2,"{'clf__C': 100.0, 'clf__class_weight': 'balanced', 'clf__penalty': 'l2', 'pca__n_components': 2}",0.2701525054466231,0.2838427947598253,0.2701298701298701,0.2894168466522678,0.2559652928416486,0.273901461966047,0.011743449259057893,90,0.28047464940668826,0.27697262479871176,0.2671009771986971,0.2702407002188184,0.28237909949972206,0.2754336102245275,0.005872300241609377
0.006525993347167969,0.0006446166998140402,0.0036165714263916016,0.00033390315588735633,100.0,balanced,l2,3,"{'clf__C': 100.0, 'clf__class_weight': 'balanced', 'clf__penalty': 'l2', 'pca__n_components': 3}",0.2833333333333333,0.27631578947368424,0.2699724517906336,0.2745995423340961,0.2510822510822511,0.2710606736027997,0.010872714515678873,97,0.29316420014094435,0.27370689655172414,0.2652377762893503,0.2700519330640508,0.2827050997782705,0.276973181164868,0.009912577914082546
0.005391263961791992,0.0007077199464001592,0.0030832767486572267,0.00044503371635811937,100.0,balanced,l2,4,"{'clf__C': 100.0, 'clf__class_weight': 'balanced', 'clf__penalty': 'l2', 'pca__n_components': 4}",0.28969359331476324,0.3221884498480243,0.2636103151862464,0.28391167192429023,0.25060240963855424,0.28200128798237567,0.024502842890514204,75,0.29227557411273486,0.3093415007656968,0.25505226480836235,0.2931297709923664,0.28971393791844186,0.2879026097195204,0.01782413056770366
0.005177593231201172,0.0009043151094403298,0.0032323360443115234,0.000278858210554174,100.0,balanced,l2,5,"{'clf__C': 100.0, 'clf__class_weight': 'balanced', 'clf__penalty': 'l2', 'pca__n_components': 5}",0.27976190476190477,0.34055727554179566,0.25559105431309903,0.3028391167192429,0.2619647355163728,0.28814281737048303,0.030914092526864938,68,0.3014105419450631,0.31319554848966613,0.2782071097372488,0.2992985190958691,0.2926517571884984,0.2969526952912691,0.011481294460666059
0.00515437126159668,0.00030169412010802685,0.002743816375732422,0.0010055241725914585,100.0,balanced,l2,6,"{'clf__C': 100.0, 'clf__class_weight': 'balanced', 'clf__penalty': 'l2', 'pca__n_components': 6}",0.2865671641791045,0.35514018691588783,0.26666666666666666,0.31645569620253167,0.2656641604010025,0.2980987748730386,0.03395190402903038,55,0.3090909090909091,0.32102728731942215,0.29215229215229216,0.30890464933018125,0.288265306122449,0.30388808880305074,0.01206472217638656
0.004961824417114258,0.0009151700261329044,0.0031890392303466795,0.0009587332821138107,100.0,balanced,l2,8,"{'clf__C': 100.0, 'clf__class_weight': 'balanced', 'clf__penalty': 'l2', 'pca__n_components': 8}",0.2822822822822823,0.42857142857142855,0.36162361623616235,0.33222591362126247,0.3709090909090909,0.35512246632404526,0.047992034876832915,30,0.3113135914958238,0.3746606334841629,0.409683426443203,0.33112582781456956,0.35084745762711866,0.3555261873729756,0.03426705492014829
0.005991697311401367,0.0011453594494371213,0.003694963455200195,0.000548456586186632,100.0,balanced,l2,10,"{'clf__C': 100.0, 'clf__class_weight': 'balanced', 'clf__penalty': 'l2', 'pca__n_components': 10}",0.3851851851851852,0.42857142857142855,0.37547892720306514,0.4230769230769231,0.3970037453183521,0.40186324187099076,0.02079063178062915,21,0.4126984126984127,0.37896645512239346,0.42424242424242425,0.40601503759398494,0.4036697247706422,0.4051184108855715,0.014899743189121134
0.0066512107849121095,0.00037414818490713494,0.0034583568572998046,0.00044853561505921126,100.0,balanced,l2,12,"{'clf__C': 100.0, 'clf__class_weight': 'balanced', 'clf__penalty': 'l2', 'pca__n_components': 12}",0.456,0.5022421524663677,0.4274193548387097,0.4899598393574297,0.5,0.47512426933250146,0.02903712191051498,6,0.4890282131661442,0.47776628748707345,0.4968553459119497,0.48074921956295524,0.48333333333333334,0.4855464798922912,0.006759527135264671
0.00795292854309082,0.0012595027979896132,0.0028081893920898437,0.0006218878993549886,100.0,balanced,l2,15,"{'clf__C': 100.0, 'clf__class_weight': 'balanced', 'clf__penalty': 'l2', 'pca__n_components': 15}",0.4596774193548387,0.4954954954954955,0.44081632653061226,0.48412698412698413,0.5065502183406113,0.4773332887697084,0.02397860412649286,1,0.48898216159496327,0.47776628748707345,0.4994731296101159,0.4864864864864865,0.48805815160955346,0.48815324335763854,0.006921024539450049
