mean_fit_time,std_fit_time,mean_score_time,std_score_time,param_clf__learning_rate,param_clf__max_depth,param_clf__max_iter,param_pca__n_components,params,split0_test_score,split1_test_score,split2_test_score,split3_test_score,split4_test_score,mean_test_score,std_test_score,rank_test_score,split0_train_score,split1_train_score,split2_train_score,split3_train_score,split4_train_score,mean_train_score,std_train_score
0.1384188175201416,0.02306516894729485,0.013094758987426758,0.0018518978840218216,0.05,3.0,100,5,"{'clf__learning_rate': 0.05, 'clf__max_depth': 3, 'clf__max_iter': 100, 'pca__n_components': 5}",0.24242424242424243,0.1797752808988764,0.0975609756097561,0.21739130434782608,0.2916666666666667,0.20576369398947353,0.06517935827958152,81,0.40298507462686567,0.30412371134020616,0.26519337016574585,0.4088669950738916,0.4089775561097257,0.358029341463287,0.061197287636447724
0.1621943473815918,0.01340425507856809,0.012148427963256835,0.0007646733994730671,0.05,3.0,100,10,"{'clf__learning_rate': 0.05, 'clf__max_depth': 3, 'clf__max_iter': 100, 'pca__n_components': 10}",0.3434343434343434,0.2826086956521739,0.12195121951219512,0.25,0.24719101123595505,0.24903705396693349,0.07237823960572752,78,0.4768856447688564,0.42105263157894735,0.47342995169082125,0.588495575221239,0.5011933174224343,0.49221142413645963,0.054776836593237184
0.2072347640991211,0.013804501030657132,0.015130901336669922,0.0024398998394437525,0.05,3.0,100,15,"{'clf__learning_rate': 0.05, 'clf__max_depth': 3, 'clf__max_iter': 100, 'pca__n_components': 15}",0.45161290322580644,0.49056603773584906,0.28,0.35185185185185186,0.48148148148148145,0.41110245485899777,0.08198445272806339,46,0.675,0.6497890295358649,0.6306695464362851,0.6912065439672802,0.6411889596602972,0.6575708159199455,0.022305776707581562
0.2306396484375,0.013385399286197381,0.020028305053710938,0.002379379283622355,0.05,3.0,200,5,"{'clf__learning_rate': 0.05, 'clf__max_depth': 3, 'clf__max_iter': 200, 'pca__n_components': 5}",0.2524271844660194,0.2391304347826087,0.16091954022988506,0.23655913978494625,0.297029702970297,0.23721320044675126,0.043896025915844475,80,0.4835680751173709,0.3980815347721823,0.32717678100263853,0.4930232558139535,0.47417840375586856,0.4352056100924028,0.0636382144766743
0.32360615730285647,0.034207068564452554,0.024459695816040038,0.005224133391341852,0.05,3.0,200,10,"{'clf__learning_rate': 0.05, 'clf__max_depth': 3, 'clf__max_iter': 200, 'pca__n_components': 10}",0.39622641509433965,0.3434343434343434,0.2857142857142857,0.3300970873786408,0.3673469387755102,0.34456381407942394,0.0370457122720464,52,0.6420824295010846,0.5656108597285068,0.5797752808988764,0.6638830897703549,0.6847599164926931,0.6272223152783031,0.046738856342329105
0.39111981391906736,0.0505163441802491,0.020984125137329102,0.0015641852506989677,0.05,3.0,200,15,"{'clf__learning_rate': 0.05, 'clf__max_depth': 3, 'clf__max_iter': 200, 'pca__n_components': 15}",0.5116279069767442,0.543859649122807,0.45871559633027525,0.46551724137931033,0.5263157894736842,0.5012072366565642,0.033578485207619475,25,0.7869481765834933,0.7754318618042226,0.769825918762089,0.8007518796992481,0.7852998065764023,0.783651528685091,0.0106274844206507
0.38986711502075194,0.07139527026389011,0.029060173034667968,0.003393400077730454,0.05,3.0,300,5,"{'clf__learning_rate': 0.05, 'clf__max_depth': 3, 'clf__max_iter': 300, 'pca__n_components': 5}",0.2641509433962264,0.25806451612903225,0.1590909090909091,0.30303030303030304,0.27722772277227725,0.2523128788837496,0.04910511849595979,77,0.5548098434004475,0.4583333333333333,0.37659033078880405,0.5372460496613995,0.5393258426966292,0.49326107997612273,0.06734523205580019
0.468698787689209,0.04902001623109851,0.02906317710876465,0.003052538516349988,0.05,3.0,300,10,"{'clf__learning_rate': 0.05, 'clf__max_depth': 3, 'clf__max_iter': 300, 'pca__n_components': 10}",0.42201834862385323,0.4230769230769231,0.3157894736842105,0.3853211009174312,0.38,0.3852411692604836,0.03907715304750285,51,0.7213114754098361,0.648068669527897,0.6680761099365751,0.7122736418511066,0.7327935222672065,0.6965046837985243,0.0326654191332852
0.5502079963684082,0.10174739058567496,0.029967689514160158,0.0037911326217057776,0.05,3.0,300,15,"{'clf__learning_rate': 0.05, 'clf__max_depth': 3, 'clf__max_iter': 300, 'pca__n_components': 15}",0.47244094488188976,0.5470085470085471,0.5172413793103449,0.56,0.5546218487394958,0.5302625439880556,0.03246847297904969,21,0.8450184501845018,0.8274582560296846,0.8280961182994455,0.8586956521739131,0.8613138686131386,0.8441164690601367,0.01444482191972492
0.2524879932403564,0.037011259819587645,0.016915035247802735,0.0025505399910399997,0.05,5.0,100,5,"{'clf__learning_rate': 0.05, 'clf__max_depth': 5, 'clf__max_iter': 100, 'pca__n_components': 5}",0.24761904761904763,0.2553191489361702,0.17777777777777778,0.2653061224489796,0.28865979381443296,0.24693637811928165,0.0372342310499871,79,0.5342465753424658,0.44549763033175355,0.35602094240837695,0.5339366515837104,0.5162790697674419,0.47719617388674973,0.06883304039965676
0.3255900859832764,0.03103641754572236,0.017551136016845704,0.0025618101526481405,0.05,5.0,100,10,"{'clf__learning_rate': 0.05, 'clf__max_depth': 5, 'clf__max_iter': 100, 'pca__n_components': 10}",0.43636363636363634,0.39603960396039606,0.3838383838383838,0.35294117647058826,0.4158415841584158,0.39700487695828407,0.028354299405127605,49,0.7104722792607803,0.6638115631691649,0.6834381551362684,0.7429718875502008,0.7529880478087649,0.7107363865850358,0.03397508688483312
0.4123906135559082,0.041677975589020276,0.01737055778503418,0.002436259573479931,0.05,5.0,100,15,"{'clf__learning_rate': 0.05, 'clf__max_depth': 5, 'clf__max_iter': 100, 'pca__n_components': 15}",0.515625,0.5470085470085471,0.46956521739130436,0.49572649572649574,0.5263157894736842,0.5108482099200062,0.026467283318654587,24,0.8788426763110307,0.8633879781420765,0.8597449908925319,0.8725314183123878,0.8817204301075269,0.8712454987531106,0.008521703985040666
0.4462230682373047,0.048200069707158545,0.02483649253845215,0.001975247019869743,0.05,5.0,200,5,"{'clf__learning_rate': 0.05, 'clf__max_depth': 5, 'clf__max_iter': 200, 'pca__n_components': 5}",0.30357142857142855,0.32323232323232326,0.17582417582417584,0.2912621359223301,0.29411764705882354,0.27760154212181626,0.05210494990443366,66,0.6469344608879493,0.5626373626373626,0.5118483412322274,0.6163793103448276,0.6624472573839663,0.6000493464972666,0.05574487388058518
0.638129472732544,0.04082583585242405,0.028258275985717774,0.003558807540771985,0.05,5.0,200,10,"{'clf__learning_rate': 0.05, 'clf__max_depth': 5, 'clf__max_iter': 200, 'pca__n_components': 10}",0.46153846153846156,0.42990654205607476,0.4077669902912621,0.39622641509433965,0.4077669902912621,0.42064107985428,0.023177596242613265,41,0.8432835820895522,0.8114285714285714,0.8395522388059702,0.8279773156899811,0.8908765652951699,0.8426236546618489,0.026555078412110952
0.700271463394165,0.09556085663276309,0.0288637638092041,0.01089818821603566,0.05,5.0,200,15,"{'clf__learning_rate': 0.05, 'clf__max_depth': 5, 'clf__max_iter': 200, 'pca__n_components': 15}",0.5116279069767442,0.5546218487394958,0.5042016806722689,0.5254237288135594,0.5299145299145299,0.5251579390233196,0.01739565640117822,22,0.9509306260575296,0.9459459459459459,0.9331046312178388,0.9509306260575296,0.9527027027027027,0.9467229063963094,0.007172570804652559
0.7455038547515869,0.046437503354926274,0.039644622802734376,0.00927084158442692,0.05,5.0,300,5,"{'clf__learning_rate': 0.05, 'clf__max_depth': 5, 'clf__max_iter': 300, 'pca__n_components': 5}",0.2909090909090909,0.30612244897959184,0.2127659574468085,0.3090909090909091,0.2912621359223301,0.282030108469746,0.03542405137324768,64,0.7671232876712328,0.7004048582995951,0.6406926406926406,0.7283702213279678,0.7607843137254902,0.7194750643433854,0.04610048616540124
0.8745317459106445,0.08064506734592684,0.03614792823791504,0.0021860619649088373,0.05,5.0,300,10,"{'clf__learning_rate': 0.05, 'clf__max_depth': 5, 'clf__max_iter': 300, 'pca__n_components': 10}",0.4444444444444444,0.44642857142857145,0.4077669902912621,0.43636363636363634,0.39622641509433965,0.4262460115244508,0.020413404483215488,39,0.9310344827586207,0.934931506849315,0.9275862068965517,0.9365351629502573,0.954468802698145,0.936911232430578,0.009314733525429306
1.0870302200317383,0.18254010933610418,0.03909049034118652,0.006862479785380767,0.05,5.0,300,15,"{'clf__learning_rate': 0.05, 'clf__max_depth': 5, 'clf__max_iter': 300, 'pca__n_components': 15}",0.4715447154471545,0.559322033898305,0.5666666666666667,0.5254237288135594,0.5833333333333334,0.5412580956318038,0.03963056780989652,17,0.9869281045751634,0.9869706840390879,0.9836601307189542,0.990228013029316,0.9885807504078303,0.9872735365540704,0.0021774059763570003
0.5231171607971191,0.039764778281555224,0.022903633117675782,0.0021995603149155747,0.05,,100,5,"{'clf__learning_rate': 0.05, 'clf__max_depth': None, 'clf__max_iter': 100, 'pca__n_components': 5}",0.32432432432432434,0.32323232323232326,0.1956521739130435,0.3137254901960784,0.2692307692307692,0.28523301617930774,0.0491216815533216,62,0.7385229540918163,0.6871165644171779,0.6225165562913907,0.7568627450980392,0.7662082514734774,0.7142454142743804,0.053396498307170574
0.5880341053009033,0.0377624936071044,0.01994214057922363,0.0022016702857974736,0.05,,100,10,"{'clf__learning_rate': 0.05, 'clf__max_depth': None, 'clf__max_iter': 100, 'pca__n_components': 10}",0.45217391304347826,0.4,0.39603960396039606,0.46956521739130436,0.4077669902912621,0.4251091449372881,0.02995029799696229,40,0.9347079037800687,0.9296740994854202,0.9275862068965517,0.9331046312178388,0.9383561643835616,0.9326858011526882,0.003781363387431039
0.7638668060302735,0.056433796839110796,0.0218966007232666,0.0021563203016736923,0.05,,100,15,"{'clf__learning_rate': 0.05, 'clf__max_depth': None, 'clf__max_iter': 100, 'pca__n_components': 15}",0.5271317829457365,0.559322033898305,0.5166666666666667,0.49557522123893805,0.5614035087719298,0.5320198427043151,0.02528490874797594,20,0.9700996677740864,0.9853181076672104,0.9769736842105263,0.9852700490998363,0.9885807504078303,0.9812484518318978,0.006768559223268152
0.944407844543457,0.1182200659714671,0.03673868179321289,0.0046771130339980805,0.05,,200,5,"{'clf__learning_rate': 0.05, 'clf__max_depth': None, 'clf__max_iter': 200, 'pca__n_components': 5}",0.29357798165137616,0.3269230769230769,0.20833333333333334,0.3047619047619048,0.28846153846153844,0.2844115670262459,0.040273285903198036,63,0.9650582362728786,0.9459459459459459,0.9201388888888888,0.9616026711185309,0.9562289562289562,0.9497949396910401,0.016174569019597677
1.2623569011688232,0.12146365817480934,0.04055089950561523,0.006297242597477585,0.05,,200,10,"{'clf__learning_rate': 0.05, 'clf__max_depth': None, 'clf__max_iter': 200, 'pca__n_components': 10}",0.46017699115044247,0.45045045045045046,0.40384615384615385,0.45614035087719296,0.3883495145631068,0.4317926921774693,0.029715004768820358,32,1.0,1.0,1.0,1.0,1.0,1.0,0.0
1.4776860237121583,0.05953534719593253,0.039460039138793944,0.005693096462684997,0.05,,200,15,"{'clf__learning_rate': 0.05, 'clf__max_depth': None, 'clf__max_iter': 200, 'pca__n_components': 15}",0.532258064516129,0.5641025641025641,0.5691056910569106,0.5299145299145299,0.543859649122807,0.5478480997425881,0.01610380491438588,15,1.0,1.0,1.0,1.0,1.0,1.0,0.0
2.6890232086181642,1.5516590442518468,0.3922708034515381,0.4248225818550371,0.05,,300,5,"{'clf__learning_rate': 0.05, 'clf__max_depth': None, 'clf__max_iter': 300, 'pca__n_components': 5}",0.2857142857142857,0.33962264150943394,0.19801980198019803,0.3119266055045872,0.3119266055045872,0.28944198804261834,0.04878755147834176,61,0.9983844911147012,0.998389694041868,0.9869706840390879,0.9983844911147012,0.9951377633711507,0.9954534247363018,0.004424036832974918
5.608702993392944,0.4531386928645526,0.06004204750061035,0.02085109872154845,0.05,,300,10,"{'clf__learning_rate': 0.05, 'clf__max_depth': None, 'clf__max_iter': 300, 'pca__n_components': 10}",0.45045045045045046,0.46956521739130436,0.4230769230769231,0.4,0.34615384615384615,0.41784928741450483,0.04295005186969321,43,1.0,1.0,1.0,1.0,1.0,1.0,0.0
5.86704912185669,0.3975682269558226,0.05424761772155762,0.014962594722955525,0.05,,300,15,"{'clf__learning_rate': 0.05, 'clf__max_depth': None, 'clf__max_iter': 300, 'pca__n_components': 15}",0.5409836065573771,0.5546218487394958,0.592,0.5378151260504201,0.5811965811965812,0.5613234325087749,0.021666813559455808,3,1.0,1.0,1.0,1.0,1.0,1.0,0.0
1.4923521995544433,1.0497317416982246,0.22803468704223634,0.4197405496920157,0.1,3.0,100,5,"{'clf__learning_rate': 0.1, 'clf__max_depth': 3, 'clf__max_iter': 100, 'pca__n_components': 5}",0.27184466019417475,0.2391304347826087,0.1348314606741573,0.32,0.3,0.25316131113018814,0.06512934766624491,76,0.48,0.3961352657004831,0.3333333333333333,0.48484848484848486,0.4669811320754717,0.4322596431915546,0.05889260591383877
0.20552487373352052,0.050123378233154985,0.016568613052368165,0.0048754888924251545,0.1,3.0,100,10,"{'clf__learning_rate': 0.1, 'clf__max_depth': 3, 'clf__max_iter': 100, 'pca__n_components': 10}",0.34951456310679613,0.35051546391752575,0.2978723404255319,0.3300970873786408,0.3673469387755102,0.33906927872080095,0.02373787320724532,53,0.6345733041575492,0.5919282511210763,0.6017699115044248,0.6940451745379876,0.6807610993657506,0.6406155481373578,0.04094468304731007
0.2423304557800293,0.06979831914446148,0.017867183685302733,0.005864667125777564,0.1,3.0,100,15,"{'clf__learning_rate': 0.1, 'clf__max_depth': 3, 'clf__max_iter': 100, 'pca__n_components': 15}",0.5,0.5357142857142857,0.46017699115044247,0.46153846153846156,0.5087719298245614,0.49324033364555026,0.02894530526863242,26,0.7907869481765835,0.7745664739884393,0.7683397683397684,0.7947269303201506,0.7861271676300579,0.7829094576909998,0.009939239385342127
0.28533129692077636,0.08372050660780078,0.023363733291625978,0.00814088501862461,0.1,3.0,200,5,"{'clf__learning_rate': 0.1, 'clf__max_depth': 3, 'clf__max_iter': 200, 'pca__n_components': 5}",0.2909090909090909,0.2127659574468085,0.1797752808988764,0.34285714285714286,0.2857142857142857,0.26240435156524083,0.05851505500569209,73,0.6143790849673203,0.5068493150684932,0.42574257425742573,0.5859030837004405,0.5851528384279476,0.5436053792843255,0.06894469325729796
0.37439780235290526,0.12374946330048807,0.025728988647460937,0.008730327941871082,0.1,3.0,200,10,"{'clf__learning_rate': 0.1, 'clf__max_depth': 3, 'clf__max_iter': 200, 'pca__n_components': 10}",0.43243243243243246,0.42201834862385323,0.4077669902912621,0.43243243243243246,0.3883495145631068,0.41659994366861736,0.01677380292708602,45,0.7803921568627451,0.7039337474120083,0.7404426559356136,0.7870722433460076,0.7898832684824902,0.7603448144077729,0.033367876940947505
0.5536595821380615,0.194454515409565,0.022710275650024415,0.005733362188599495,0.1,3.0,200,15,"{'clf__learning_rate': 0.1, 'clf__max_depth': 3, 'clf__max_iter': 200, 'pca__n_components': 15}",0.484375,0.5254237288135594,0.49557522123893805,0.5,0.5853658536585366,0.5181479607422068,0.03619577835664551,23,0.8877005347593583,0.8825622775800712,0.8607594936708861,0.9052631578947369,0.9033391915641477,0.88792493109384,0.01615538876814741
0.4550624370574951,0.10685968224180678,0.033457708358764646,0.007596761653416312,0.1,3.0,300,5,"{'clf__learning_rate': 0.1, 'clf__max_depth': 3, 'clf__max_iter': 300, 'pca__n_components': 5}",0.30357142857142855,0.24242424242424243,0.1590909090909091,0.3333333333333333,0.2912621359223301,0.26593640986844874,0.06094081617403727,71,0.7165991902834008,0.5925925925925926,0.498812351543943,0.675,0.65,0.6266008268839873,0.0754667623590032
0.560893440246582,0.17439765756038322,0.033632850646972655,0.010607413144154053,0.1,3.0,300,10,"{'clf__learning_rate': 0.1, 'clf__max_depth': 3, 'clf__max_iter': 300, 'pca__n_components': 10}",0.42105263157894735,0.43243243243243246,0.40384615384615385,0.4144144144144144,0.37735849056603776,0.40982082456759716,0.018697803003093975,48,0.8539741219963032,0.8143939393939394,0.8423005565862709,0.8602540834845736,0.8848920863309353,0.8511629575584043,0.023059523809593162
0.5250952243804932,0.07121588310098237,0.03358268737792969,0.009165133950352629,0.1,3.0,300,15,"{'clf__learning_rate': 0.1, 'clf__max_depth': 3, 'clf__max_iter': 300, 'pca__n_components': 15}",0.5522388059701493,0.5691056910569106,0.5391304347826087,0.5203252032520326,0.5645161290322581,0.5490632528187918,0.01774886598437235,13,0.9419795221843004,0.9475465313028765,0.935374149659864,0.954468802698145,0.9509306260575296,0.9460599263805431,0.0067450490434414565
0.24927449226379395,0.033342514192331044,0.01644129753112793,0.0021712938170748604,0.1,5.0,100,5,"{'clf__learning_rate': 0.1, 'clf__max_depth': 5, 'clf__max_iter': 100, 'pca__n_components': 5}",0.27522935779816515,0.2765957446808511,0.17777777777777778,0.36538461538461536,0.24242424242424243,0.2674823476131304,0.060667524579009396,70,0.6624472573839663,0.591792656587473,0.5106382978723404,0.6386554621848739,0.6638655462184874,0.6134798440494282,0.057649034719326364
0.444806432723999,0.026877623541389853,0.024386835098266602,0.0065413155075053535,0.1,5.0,100,10,"{'clf__learning_rate': 0.1, 'clf__max_depth': 5, 'clf__max_iter': 100, 'pca__n_components': 10}",0.45217391304347826,0.42201834862385323,0.36538461538461536,0.411214953271028,0.4,0.410158366064595,0.02833712371367548,47,0.8560885608856088,0.8166351606805293,0.8628884826325411,0.8475836431226765,0.8808664259927798,0.8528124546628272,0.02114436846545777
0.44487500190734863,0.12010257819421088,0.02016277313232422,0.007368718491395635,0.1,5.0,100,15,"{'clf__learning_rate': 0.1, 'clf__max_depth': 5, 'clf__max_iter': 100, 'pca__n_components': 15}",0.47619047619047616,0.5666666666666667,0.5619834710743802,0.5172413793103449,0.5882352941176471,0.542063457471903,0.04022275120129692,16,0.9527027027027027,0.9423728813559322,0.9439728353140917,0.9509306260575296,0.9510961214165261,0.9482150333693566,0.004193835297603116
0.5955681800842285,0.16048880413109343,0.037869501113891604,0.020496339361540113,0.1,5.0,200,5,"{'clf__learning_rate': 0.1, 'clf__max_depth': 5, 'clf__max_iter': 200, 'pca__n_components': 5}",0.33043478260869563,0.27184466019417475,0.21505376344086022,0.3392857142857143,0.3177570093457944,0.2948751859750479,0.04617839839464999,57,0.8571428571428571,0.8360957642725598,0.7821011673151751,0.8166351606805293,0.832089552238806,0.8248129003299853,0.024966563048099594
0.7252816200256348,0.2394666682704751,0.029114246368408203,0.008077691035944988,0.1,5.0,200,10,"{'clf__learning_rate': 0.1, 'clf__max_depth': 5, 'clf__max_iter': 200, 'pca__n_components': 10}",0.45,0.45217391304347826,0.4077669902912621,0.42201834862385323,0.41818181818181815,0.43002821402808233,0.017828972715160093,35,0.9885807504078303,0.980327868852459,0.9752883031301482,0.9819376026272578,0.9885807504078303,0.982943055085105,0.005099266187836919
0.9552463054656982,0.218588668072826,0.03999967575073242,0.007974316996607791,0.1,5.0,200,15,"{'clf__learning_rate': 0.1, 'clf__max_depth': 5, 'clf__max_iter': 200, 'pca__n_components': 15}",0.5161290322580645,0.5785123966942148,0.5882352941176471,0.5128205128205128,0.5882352941176471,0.5567865060016173,0.03474508771590362,9,0.9983844911147012,0.9967741935483871,0.998389694041868,0.9983844911147012,0.9983844911147012,0.9980634721868717,0.0006446424687226472
0.7746874809265136,0.3134570999902255,0.04473099708557129,0.018724297588105416,0.1,5.0,300,5,"{'clf__learning_rate': 0.1, 'clf__max_depth': 5, 'clf__max_iter': 300, 'pca__n_components': 5}",0.288135593220339,0.3119266055045872,0.2,0.33043478260869563,0.3333333333333333,0.292766062933391,0.049109563107864615,58,0.9475465313028765,0.9457627118644067,0.9204152249134948,0.9367521367521368,0.92573402417962,0.935242125802507,0.010720095571543192
1.069441270828247,0.23979691216176646,0.045255517959594725,0.014480766311119503,0.1,5.0,300,10,"{'clf__learning_rate': 0.1, 'clf__max_depth': 5, 'clf__max_iter': 300, 'pca__n_components': 10}",0.39655172413793105,0.45217391304347826,0.46153846153846156,0.42201834862385323,0.42990654205607476,0.4324377978799598,0.02297453083123904,31,1.0,1.0,1.0,1.0,1.0,1.0,0.0
1.1841599941253662,0.28273045471973385,0.04447498321533203,0.012666729326015355,0.1,5.0,300,15,"{'clf__learning_rate': 0.1, 'clf__max_depth': 5, 'clf__max_iter': 300, 'pca__n_components': 15}",0.496,0.5785123966942148,0.5785123966942148,0.55,0.5950413223140496,0.5596132231404958,0.03495300831273275,7,1.0,1.0,1.0,1.0,1.0,1.0,0.0
0.5697695255279541,0.20949752402576557,0.028158903121948242,0.01193702155332887,0.1,,100,5,"{'clf__learning_rate': 0.1, 'clf__max_depth': None, 'clf__max_iter': 100, 'pca__n_components': 5}",0.27522935779816515,0.3076923076923077,0.18947368421052632,0.3486238532110092,0.3300970873786408,0.2902232580581299,0.056001809166298565,60,0.9581239530988275,0.971900826446281,0.9238754325259516,0.9633333333333334,0.9509306260575296,0.9536328342923847,0.016375556517842553
0.7598958969116211,0.2527749553158353,0.03110809326171875,0.01870360038470484,0.1,,100,10,"{'clf__learning_rate': 0.1, 'clf__max_depth': None, 'clf__max_iter': 100, 'pca__n_components': 10}",0.45614035087719296,0.46846846846846846,0.39215686274509803,0.4482758620689655,0.41509433962264153,0.4360271767564733,0.02817728019155082,28,1.0,1.0,1.0,1.0,1.0,1.0,0.0
0.8188920497894288,0.2055127771799236,0.026126337051391602,0.013476971604057515,0.1,,100,15,"{'clf__learning_rate': 0.1, 'clf__max_depth': None, 'clf__max_iter': 100, 'pca__n_components': 15}",0.5354330708661418,0.5172413793103449,0.5245901639344263,0.5254237288135594,0.5950413223140496,0.5395459330477044,0.028345224164825576,19,1.0,1.0,1.0,1.0,1.0,1.0,0.0
1.118763256072998,0.4713995855387006,0.043320083618164064,0.013885018557382518,0.1,,200,5,"{'clf__learning_rate': 0.1, 'clf__max_depth': None, 'clf__max_iter': 200, 'pca__n_components': 5}",0.2857142857142857,0.32075471698113206,0.22,0.32727272727272727,0.3333333333333333,0.2974150126602957,0.04208643932644211,55,1.0,1.0,1.0,1.0,1.0,1.0,0.0
1.3264082431793214,0.13231824765474345,0.035315847396850585,0.003161384910153244,0.1,,200,10,"{'clf__learning_rate': 0.1, 'clf__max_depth': None, 'clf__max_iter': 200, 'pca__n_components': 10}",0.4247787610619469,0.44642857142857145,0.38,0.43636363636363634,0.411214953271028,0.41975718442503646,0.023090936702943005,42,1.0,1.0,1.0,1.0,1.0,1.0,0.0
1.590064239501953,0.3032979613841974,0.04780874252319336,0.01768854334015271,0.1,,200,15,"{'clf__learning_rate': 0.1, 'clf__max_depth': None, 'clf__max_iter': 200, 'pca__n_components': 15}",0.5238095238095238,0.5546218487394958,0.5454545454545454,0.5517241379310345,0.6229508196721312,0.5597121751213463,0.03340995869611942,6,1.0,1.0,1.0,1.0,1.0,1.0,0.0
1.8706559181213378,0.6065197649372979,0.05812573432922363,0.015425835254179787,0.1,,300,5,"{'clf__learning_rate': 0.1, 'clf__max_depth': None, 'clf__max_iter': 300, 'pca__n_components': 5}",0.2702702702702703,0.32075471698113206,0.22641509433962265,0.336283185840708,0.29906542056074764,0.2905577375984961,0.03898952388783854,59,1.0,1.0,1.0,1.0,1.0,1.0,0.0
2.200928211212158,0.5998196201545986,0.05931015014648437,0.013303339116231808,0.1,,300,10,"{'clf__learning_rate': 0.1, 'clf__max_depth': None, 'clf__max_iter': 300, 'pca__n_components': 10}",0.4424778761061947,0.4482758620689655,0.4230769230769231,0.45454545454545453,0.38095238095238093,0.4298656993499838,0.026629651181825885,36,1.0,1.0,1.0,1.0,1.0,1.0,0.0
2.2790745735168456,0.35890705190885436,0.05210070610046387,0.011708895108377422,0.1,,300,15,"{'clf__learning_rate': 0.1, 'clf__max_depth': None, 'clf__max_iter': 300, 'pca__n_components': 15}",0.5081967213114754,0.5299145299145299,0.5365853658536586,0.5423728813559322,0.628099173553719,0.5490337343978631,0.04119193641833363,14,1.0,1.0,1.0,1.0,1.0,1.0,0.0
0.13817996978759767,0.018645321734052166,0.013298368453979493,0.0012352732388806805,0.2,3.0,100,5,"{'clf__learning_rate': 0.2, 'clf__max_depth': 3, 'clf__max_iter': 100, 'pca__n_components': 5}",0.2692307692307692,0.2708333333333333,0.1590909090909091,0.3047619047619048,0.297029702970297,0.2601893238774427,0.05245924254529684,75,0.6021978021978022,0.5458612975391499,0.46116504854368934,0.5943600867678959,0.5826086956521739,0.5572385861401422,0.051773635561423455
0.17488985061645507,0.02398604798380974,0.014273786544799804,0.0031567795434826952,0.2,3.0,100,10,"{'clf__learning_rate': 0.2, 'clf__max_depth': 3, 'clf__max_iter': 100, 'pca__n_components': 10}",0.4576271186440678,0.43243243243243246,0.2828282828282828,0.35398230088495575,0.4144144144144144,0.3882569098408306,0.06282970941201617,50,0.8015414258188824,0.7313131313131314,0.7619047619047619,0.7745664739884393,0.7953667953667953,0.772938517678402,0.02521198442185077
0.18711862564086915,0.01616623167434229,0.012941312789916993,0.002190737291707941,0.2,3.0,100,15,"{'clf__learning_rate': 0.2, 'clf__max_depth': 3, 'clf__max_iter': 100, 'pca__n_components': 15}",0.5271317829457365,0.5333333333333333,0.5546218487394958,0.532258064516129,0.5573770491803278,0.5409444157430044,0.012500189702036988,18,0.8994708994708994,0.892416225749559,0.8628158844765343,0.8998242530755711,0.9071803852889667,0.8923415296123061,0.015484056335453716
0.35404362678527834,0.14202986322436867,0.030579328536987305,0.0070907407036168235,0.2,3.0,200,5,"{'clf__learning_rate': 0.2, 'clf__max_depth': 3, 'clf__max_iter': 200, 'pca__n_components': 5}",0.2857142857142857,0.27450980392156865,0.23404255319148937,0.34782608695652173,0.3364485981308411,0.29570826558294133,0.04178027404412506,56,0.76171875,0.712,0.6538461538461539,0.75,0.7411764705882353,0.7237482748868779,0.038623776474978846
0.3245389461517334,0.032097342781390446,0.0205629825592041,0.0017013175240165452,0.2,3.0,200,10,"{'clf__learning_rate': 0.2, 'clf__max_depth': 3, 'clf__max_iter': 200, 'pca__n_components': 10}",0.48,0.46153846153846156,0.35294117647058826,0.42735042735042733,0.43478260869565216,0.4313225348110259,0.04348306550711266,33,0.9365351629502573,0.9201388888888888,0.9259896729776248,0.9182608695652174,0.9473684210526315,0.9296586030869239,0.01090797014960651
0.45309200286865237,0.10924015293678187,0.026059579849243165,0.007255212160776831,0.2,3.0,200,15,"{'clf__learning_rate': 0.2, 'clf__max_depth': 3, 'clf__max_iter': 200, 'pca__n_components': 15}",0.5481481481481482,0.5806451612903226,0.5691056910569106,0.5669291338582677,0.5409836065573771,0.5611623481822052,0.014508504649016209,4,0.9752066115702479,0.9853181076672104,0.9752883031301482,0.9869281045751634,0.9836065573770492,0.9812695368639639,0.005028045327270366
0.40656752586364747,0.05113079156940947,0.028448152542114257,0.005132129621856519,0.2,3.0,300,5,"{'clf__learning_rate': 0.2, 'clf__max_depth': 3, 'clf__max_iter': 300, 'pca__n_components': 5}",0.3392857142857143,0.25742574257425743,0.2268041237113402,0.34710743801652894,0.34545454545454546,0.30321551280847725,0.05088634365683982,54,0.8776978417266187,0.825925925925926,0.783625730994152,0.8695652173913043,0.8364312267657993,0.8386491885607601,0.03368970110256769
0.5458560466766358,0.1547458528689631,0.033561325073242186,0.012530537777783148,0.2,3.0,300,10,"{'clf__learning_rate': 0.2, 'clf__max_depth': 3, 'clf__max_iter': 300, 'pca__n_components': 10}",0.4628099173553719,0.4426229508196721,0.37735849056603776,0.4166666666666667,0.4424778761061947,0.42838718030278866,0.029419134293071535,38,0.991869918699187,0.9886178861788618,0.9786535303776683,0.9836065573770492,0.9885807504078303,0.9862657286081195,0.0046328322068339865
0.5323450565338135,0.08182464923569503,0.035593938827514646,0.008335716397613742,0.2,3.0,300,15,"{'clf__learning_rate': 0.2, 'clf__max_depth': 3, 'clf__max_iter': 300, 'pca__n_components': 15}",0.5076923076923077,0.5757575757575758,0.5691056910569106,0.5426356589147286,0.5691056910569106,0.5528593848956866,0.025285574972879934,11,0.9983844911147012,1.0,1.0,1.0,0.9983844911147012,0.9993537964458804,0.00079143448878291
0.28406991958618166,0.08793161158059645,0.019540691375732423,0.004633124302770406,0.2,5.0,100,5,"{'clf__learning_rate': 0.2, 'clf__max_depth': 5, 'clf__max_iter': 100, 'pca__n_components': 5}",0.2727272727272727,0.2653061224489796,0.1935483870967742,0.29357798165137616,0.3018867924528302,0.2654093112754466,0.0383187584750638,72,0.8670309653916212,0.825925925925926,0.7906976744186046,0.8403669724770643,0.8407407407407408,0.8329524557907912,0.024947207970110092
0.3045205593109131,0.044419171591422967,0.015104246139526368,0.0018273962646904597,0.2,5.0,100,10,"{'clf__learning_rate': 0.2, 'clf__max_depth': 5, 'clf__max_iter': 100, 'pca__n_components': 10}",0.4482758620689655,0.4406779661016949,0.40384615384615385,0.42105263157894735,0.45045045045045046,0.4328606128092424,0.01782924877911698,30,0.9983844911147012,0.9951534733441034,0.9752883031301482,0.9836065573770492,0.9885807504078303,0.9882027150747664,0.008246589792353844
0.40683760643005373,0.08525633411564064,0.015355730056762695,0.003003777646772009,0.2,5.0,100,15,"{'clf__learning_rate': 0.2, 'clf__max_depth': 5, 'clf__max_iter': 100, 'pca__n_components': 15}",0.45161290322580644,0.5967741935483871,0.5882352941176471,0.5423728813559322,0.576,0.5509990544495545,0.05302634458429941,12,0.9983844911147012,0.998389694041868,1.0,1.0,0.9983844911147012,0.999031735254254,0.0007905871370674115
0.5506601810455323,0.08695681159998483,0.02783679962158203,0.0047077865618181634,0.2,5.0,200,5,"{'clf__learning_rate': 0.2, 'clf__max_depth': 5, 'clf__max_iter': 200, 'pca__n_components': 5}",0.25688073394495414,0.24761904761904763,0.16981132075471697,0.3130434782608696,0.3148148148148148,0.2604338790788806,0.05313068589903287,74,0.9951377633711507,0.9886178861788618,0.9684908789386402,0.9935064935064936,0.9852700490998363,0.9862046142189964,0.009524623940088925
0.6886180877685547,0.11570660449130618,0.030808162689208985,0.014006726796210671,0.2,5.0,200,10,"{'clf__learning_rate': 0.2, 'clf__max_depth': 5, 'clf__max_iter': 200, 'pca__n_components': 10}",0.4576271186440678,0.4666666666666667,0.37735849056603776,0.43859649122807015,0.4485981308411215,0.4377693795891928,0.03161266986737031,27,1.0,1.0,1.0,1.0,1.0,1.0,0.0
0.6198517799377441,0.05866845607011734,0.023604631423950195,0.0018137804747774702,0.2,5.0,200,15,"{'clf__learning_rate': 0.2, 'clf__max_depth': 5, 'clf__max_iter': 200, 'pca__n_components': 15}",0.4838709677419355,0.6,0.6050420168067226,0.55,0.5423728813559322,0.5562571731809182,0.04419295052215988,10,1.0,1.0,1.0,1.0,1.0,1.0,0.0
0.8064191341400146,0.16166424606835175,0.042290687561035156,0.010786671147723352,0.2,5.0,300,5,"{'clf__learning_rate': 0.2, 'clf__max_depth': 5, 'clf__max_iter': 300, 'pca__n_components': 5}",0.24074074074074073,0.25925925925925924,0.18181818181818182,0.35772357723577236,0.3063063063063063,0.2691696130720521,0.05959467592043591,68,1.0,1.0,1.0,1.0,1.0,1.0,0.0
1.1670345783233642,0.21845989071902017,0.04132146835327148,0.00912374885709371,0.2,5.0,300,10,"{'clf__learning_rate': 0.2, 'clf__max_depth': 5, 'clf__max_iter': 300, 'pca__n_components': 10}",0.45217391304347826,0.453781512605042,0.3883495145631068,0.43478260869565216,0.42592592592592593,0.431002694966641,0.023775828642083097,34,1.0,1.0,1.0,1.0,1.0,1.0,0.0
1.2103987216949463,0.39129740692815806,0.03989076614379883,0.013663258645368662,0.2,5.0,300,15,"{'clf__learning_rate': 0.2, 'clf__max_depth': 5, 'clf__max_iter': 300, 'pca__n_components': 15}",0.5,0.6046511627906976,0.5573770491803278,0.6115702479338843,0.5299145299145299,0.5607025979638879,0.042808326228189565,5,1.0,1.0,1.0,1.0,1.0,1.0,0.0
0.5174188137054443,0.03216452207520735,0.02034158706665039,0.002150712457433233,0.2,,100,5,"{'clf__learning_rate': 0.2, 'clf__max_depth': None, 'clf__max_iter': 100, 'pca__n_components': 5}",0.26785714285714285,0.3392857142857143,0.18556701030927836,0.2882882882882883,0.3148148148148148,0.2791625941110477,0.05264426891906182,65,1.0,1.0,1.0,1.0,1.0,1.0,0.0
0.7019514083862305,0.18824126328551985,0.02310471534729004,0.004043481836296256,0.2,,100,10,"{'clf__learning_rate': 0.2, 'clf__max_depth': None, 'clf__max_iter': 100, 'pca__n_components': 10}",0.45614035087719296,0.4482758620689655,0.41509433962264153,0.42105263157894735,0.4074074074074074,0.4295941183110309,0.01912673904052381,37,1.0,1.0,1.0,1.0,1.0,1.0,0.0
0.7752825736999511,0.2678706084557097,0.021810197830200197,0.005305473197879087,0.2,,100,15,"{'clf__learning_rate': 0.2, 'clf__max_depth': None, 'clf__max_iter': 100, 'pca__n_components': 15}",0.4838709677419355,0.5454545454545454,0.608,0.5619834710743802,0.5932203389830508,0.5585058646507823,0.043376405286575125,8,1.0,1.0,1.0,1.0,1.0,1.0,0.0
1.0426137447357178,0.22280053694052165,0.04348025321960449,0.012153506693361222,0.2,,200,5,"{'clf__learning_rate': 0.2, 'clf__max_depth': None, 'clf__max_iter': 200, 'pca__n_components': 5}",0.3,0.2777777777777778,0.19801980198019803,0.27522935779816515,0.29357798165137616,0.2689209838415034,0.036658119854986494,69,1.0,1.0,1.0,1.0,1.0,1.0,0.0
1.213950777053833,0.11566688697756065,0.03560490608215332,0.0024412502969165103,0.2,,200,10,"{'clf__learning_rate': 0.2, 'clf__max_depth': None, 'clf__max_iter': 200, 'pca__n_components': 10}",0.4424778761061947,0.4793388429752066,0.40384615384615385,0.4444444444444444,0.39622641509433965,0.4332667464932678,0.030232371181648305,29,1.0,1.0,1.0,1.0,1.0,1.0,0.0
1.4696859836578369,0.47448922484888023,0.03436908721923828,0.003428249493979903,0.2,,200,15,"{'clf__learning_rate': 0.2, 'clf__max_depth': None, 'clf__max_iter': 200, 'pca__n_components': 15}",0.5203252032520326,0.5967741935483871,0.6031746031746031,0.5901639344262295,0.6229508196721312,0.5866777508146768,0.03494176258354564,1,1.0,1.0,1.0,1.0,1.0,1.0,0.0
1.766853427886963,0.38023290067839904,0.05623335838317871,0.007744032527266772,0.2,,300,5,"{'clf__learning_rate': 0.2, 'clf__max_depth': None, 'clf__max_iter': 300, 'pca__n_components': 5}",0.2831858407079646,0.2982456140350877,0.17647058823529413,0.2956521739130435,0.3333333333333333,0.27737751004494465,0.05313461929421665,67,1.0,1.0,1.0,1.0,1.0,1.0,0.0
1.6768556594848634,0.06952702410053248,0.04374780654907227,0.004673318795393605,0.2,,300,10,"{'clf__learning_rate': 0.2, 'clf__max_depth': None, 'clf__max_iter': 300, 'pca__n_components': 10}",0.40707964601769914,0.4576271186440678,0.4077669902912621,0.4074074074074074,0.4074074074074074,0.4174577139535688,0.020085879695514605,44,1.0,1.0,1.0,1.0,1.0,1.0,0.0
1.5698285102844238,0.21454401505944407,0.032442140579223636,0.003404175226109219,0.2,,300,15,"{'clf__learning_rate': 0.2, 'clf__max_depth': None, 'clf__max_iter': 300, 'pca__n_components': 15}",0.5238095238095238,0.5873015873015873,0.608,0.5691056910569106,0.6218487394957983,0.5820131083327641,0.034188953568580066,2,1.0,1.0,1.0,1.0,1.0,1.0,0.0
